CLA_UBICACION,NOM_UBICACION
2,CEDIS TLAXCALA BIENESTAR
3,CEDIS TLAXCALA PENSIONADOS
4,CEDIS MERIDA
8,Unidad Medica Tlalnepantla
27,Soy Tu Salud Acapulco
58,Unidad Médica DIF Rayon
60,P.B.I. Marruecos
61,P.B.I. 100 Metros
62,P.B.I. Obregon
87,Corporativo Lago Xochimilco
89,Unidad Medica y Estética
108,Unidad Médica Móvil Tula
131,Unidad Medica Colectivo Cuajimalpa
139,Suburbano Tlalnepantla
140,Suburbano Lecheria
142,Suburbano Cuautitlan
149,P.A.  Tlalnepantla
150,P.A.  Ecatepec
151,P.A.  Iztapalapa
152,P.A.  Chalco
153,P.A.  Nezahualcoyotl
154,P.A.  Obregon
155,P.A.  Gustavo A. Madero
158,Clinica los Reyes la Paz 2
161,Metro Insurgentes
167,Unidad De Salud Chicoloapan Cabecera
168,Unidad De Salud Chicoloapan Ejercito Del Trabajo
169,Unidad De Salud Chicoloapan Via Lactea
171,Centro De Reclutamiento Y Selección
190,Unidad Médica Móvil Coatzacoalcos
191,SAE Insurgentes
194,Centro De Salud Municipal Campeche
195,Farmacia Comunitaria Concordia
197,Farmacia Comunitaria Lazaro Cardenas
198,Farmacia Comunitaria Lerma
199,Farmacia Comunitaria Mercado
200,Farmacia Comunitaria Samula
201,Farmacia Comunitaria Fidel Velazquez
202,Farmacia Comunitaria Siglo XXI
203,CEDIS Campeche
209,Soy Tu Salud Tizayuca
289,Unidad Venustiano Carranza Arenal
290,P.A. Medilaser
291,Farmacia Comunitaria Tikinmul
292,Farmacia Comunitaria Pich
293,Farmacia Comunitaria Nohakal
294,Farmacia Comunitaria Champoton
295,Farmacia Comunitaria Bonfil
310,Farmacia Comunitaria Ciudad Del Carmen Benito Juarez
311,Farmacia Comunitaria Ciudad Del Carmen  Renovacion
312,Farmacia Comunitaria Ciudad Del Carmen Tierra Y Libertad
313,Farmacia Comunitaria Calkini
314,Farmacia Comunitaria Escarcega
320,Clinica Comunitaria Marin Centro
384,Soy Tu Salud Tlalpan
385,Clinica Comunitaria Marin Uman
386,Clinica Comunitaria Marin Kanasin
387,Clinica Comunitaria Marin Ticul
388,Clinica Comunitaria Marin Progreso
389,Farmacia Comunitaria Hecelchakan
391,Clinica Comunitaria Marin Caucel
392,Clinica Comunitaria Marin Tizimin
397,Unidad Médica Móvil Poza Rica
398,Unidad Médica Móvil Matías Romero
403,Clinica Comunitaria Marin Valladolid
404,Clinica Comunitaria Marin Motul
407,Unidad Móvil Vallarta
411,Metro Universidad
412,Metro Lindavista
413,Metro Zapata
420,Fabrica de Muebles ML
426,Bienestar para tu Salud Calpulalpan
427,Bienestar para tu Salud Tlaxco
428,Bienestar para tu Salud San Pablo del Monte
429,Bienestar para tu Salud Yauhquemehcan
430,Bienestar para tu Salud Contla
431,Bienestar para tu Salud Ixtacuixtla
432,Bienestar para tu Salud Tetla
433,Bienestar para tu Salud Huamantla
434,Bienestar para tu Salud Zacatelco
435,Bienestar para tu Salud Papalotla
436,Bienestar para tu Salud Nanacamilpa
438,Salud Familiar Coacalco Granjas Cor
439,Salud Familiar Coacalco  Rinconada
440,Salud Familiar Coacalco  Sabinos
441,Salud Familiar Coacalco  Potrero
447,Clinica San Luis Potosi  Rio Verde
448,Clinica San Luis Potosi  Matehuala
449,Clinica San Luis Potosi Tamanzuchale
450,Clinica San Luis Potosi  Ciudad Valles
451,Clinica Los Reyes La Paz
459,Clinica San Luis Potosi Villa de Reyes
465,Clinica los Reyes la Paz 3
490,Unidad Rosa de Salud SLP Providencia
491,Unidad Rosa de Salud SLP Barrio de Tlaxcala
493,Unidad de Salud Ags Palomino
494,Unidad de Salud Ags Cosio
495,Unidad de Salud Ags Tepezala
497,Unidad Rosa de Salud SLP Salvador Nava
499,Unidad de Salud Ags Movil
500,CEDIS Lago Xochimilco
501,CEDIS Cuvier
503,Farmacias Pensionados Huamantla
504,Farmacias Pensionados Chiautempan
505,Farmacias Pensionados Apizaco
506,Farmacias Pensionados San Pablo
507,Farmacias Pensionados Matriz
508,Unidad Integral de Salud SSC
512,Unidad Médica DIF Rayon 2
513,Unidad Medica Delicias Tu Salud Vale
515,Unidad Integral de Salud Lira y Ortega
516,Unidad de Salud Ags Villa Juarez
518,FB Oaxaca Sta Cruz Xoxocotlan
519,FB Oaxaca Cabecera Sta Lucia
520,FB Oaxaca Lomas de San Jacinto
521,Oaxaca 4 Monte Alban
522,Seguro Popular Municipal Jilotepec 1
523,Seguro Popular Municipal Jilotepec 2
525,Coyotes Tlaxcala
526,CEDIS SAN LUIS POTOSI
527,Bienestar para tu Salud Santa Cruz Quilehtla
528,Bienestar para tu Salud Teolocholco
531,Unidad médica Rayón 3 (San Isidro)
534,Unidad Medica Movil a tu Alcance Dra. Matilde Petra Montoya Lafragua 1
540,FB Oaxaca Pinotepa Nacional
541,FB Oaxaca Miahuatlan
543,FB Oaxaca Pochutla
545,FB Oaxaca Juchitan
546,FB Oaxaca Huautla
547,FB Oaxaca Huajuapan
548,FB Oaxaca Acatlan
552,Unidad de Salud Ags San Francisco
553,Unidad de Salud Ags Pabellón de Arteaga
554,Unidad de Salud Ags San Jose de Gracia
555,Unidad  de Salud CATEM
567,CESI CTM
667,Unidad de Salud Ags Calvillo
669,Bienestar para tu Salud Cuapiaxtla
670,Clínica Médica de Puerto Vallarta
671,Bienestar para tu Salud Unidad Tlaxcala Centro
674,Unidad de Salud Tepeapulco
678,Salud para el Pueblo Iztacalco
681,Clinica Escuinapa Sana
684,Clínica Médica tu Nueva Historia Los Montes
685,Unidad de Salud Segura Ecatepec
686,Unidad de Salud Segura Cuauhtemoc
687,FB Oaxaca Putla
688,FB Oaxaca Juxtlahuaca
689,Salud Familiar Coacalco Heroes
690,Servicio Médico Polotitlan
691,Unidad Móvil Puerto Vallarta 2
692,Clínica Médica tu Nueva Historia Misiones
693,Clinica Medica tu Nueva Historia Año 2000
694,Clínica Médica tu Nueva Historia San Anselmo
695,Unidad Clínica del Bienestar Tlaquepaque
696,Clínica Médica de Puerto Vallarta 2
697,Centro de Salud Municipal Tejupilco
698,Unidad Médica Móvil del Bienestar Tlaquepaque 1
701,Unidad Salud sin Tanto Choro Playa del Carmen 1
702,Unidad Salud Tlahuac
703,Unidad Medica Salud a Tu Alcance Dra. Matilde Petra Montoya Lafragua 1
706,Unidad Medica Movil a tu Alcance Dra. Matilde Petra Montoya Lafragua 2
707,MOSI Tepeapulco
708,MOSI Atizapan
709,Clinica Apaseo el Grande
710,MOSI Coroneo
712,Unidad San Mateo Atenco
713,Clinica del Buen Vivir Iztapalapa 1
715,Unidad Salud Sin Tanto Choro Playa Del Carmen 2
716,Clinica del Buen Vivir Iztapalapa 2
717,Unidad Salud Cerca de Ti DIF Tlajomulco 1
718,Unidad Salud Cerca de Ti DIF Tlajomulco 2
719,Unidad Salud Cerca de Ti DIF Tlajomulco 3
725,Clinica de Primera Atencion Mas Saludable Torreon
726,Unidad Movil Naucalpan 1
727,Unidad Movil Naucalpan 2
731,F.B. Oaxaca Tehuantepec
732,Soy Tu Salud Metro El Rosario
733,Clinica del Buen Vivir Iztapalapa 3
734,Clinica Popular de Salud Ramos Arizpe 1
735,METRO PANTITLAN
742,Clinica Tijuana 1 Nuevo Milenio
743,Clinica Tijuana 2 Sanchez Taboada
744,Clinica Tijuana 3 La Mesa
746,Unidad de Salud Texcaltitlan
747,F.B. Oaxaca Puerto Escondido
748,Unidad Naucalpan Raquelito
749,Alivia Tlahuac
750,Clinica Popular de Salud Ramos Arizpe 2
751,Alivia Tlalnepantla
753,Unidad Medica Apodaca
754,"Clinica Tijuana 4, El Chamizal"
755,"Clinica Tijuana 5, Progreso"
756,"Clinica Tijuana 6, El Dorado"
757,"Clinica Tijuana 7, Natura"
758,"Clinica Tijuana 8, La Presa"
759,Mosi Merida
760,Unidad Medica Coatzacoalcos
761,Unidad Medica Mexicaltzingo
762,Unidad Medica Ensenada
763,Unidad Movil Tabasco 1
766,Unidad del Bienestar Tlaquepaque 2
767,Unidad Salud por Tlahuac 2
769,Clinica de Salud La Protectora Milpa Alta
771,Suburbano Tultitlan
772,Unidad Boca del Rio
100001,Unidad Rosa de Salud SLP Quintas de la Hacienda
100002,Unidad Rosa de Salud SLP Soledad
100003,Unidad Rosa de Salud SLP Saucito
100004,Corporativo Grupo Beddo
100005,Hotel Casa Tlaxcalli
100006,Hotel Bali Hai
100007,Hotel Luure Bosque Real
100008,Unidad de Salud Durango
100009,Lago Zirahuen
100010,Planta Purificadora de Agua
