CLA_PUESTO,NOM_PUESTO
2001,ABOGADO
2002,AFILIADOR
2003,ALMACENISTA
2004,DIRECTOR ADMINISTRATIVO
2005,ANALISTA DE BASE DE DATOS
2006,ANALISTA DE CALIDAD
2007,ANALISTA DE COMPRAS
2008,ANALISTA DE CONTROL PATRIMONIAL
2009,COMUNITY MANAGER
2010,GERENTE DE OPERACIONES
2011,ANALISTA DE CUENTAS POR PAGAR
2013,ANALISTA DE REDES FMF
2015,ANALISTA DE TESORERIA
2016,ENCARGADO DE MTTO
2017,ASISTENTE DE DIRECCION JR
2018,ASISTENTE DE DIRECCION SR
2019,LABORES VARIAS
2020,AUDITOR INTERNO JR
2021,AUDITOR INTERNO SR
2022,AUXILIAR ADMINISTRATIVO
2023,SUPERVISOR DE CANCHA
2024,AUXILIAR DE ADUANA
2025,AUXILIAR DE ATRACCION DE TALENTO
2026,AUXILIAR DE COMPRAS
2027,AUXILIAR DE CONTROL INTERNO
2028,AUXILIAR DE CONTROL PATRIMONIAL
2029,AUXILIAR DE CONTROL VEHICULAR
2030,JARDINERIA Y LIMPIEZA
2033,GERENTE DEPORTIVO
2034,AUXILIAR DE FACTURACION
2035,AUXILIAR DE FARMACIA
2036,AUXILIAR DE INVENTARIOS
2037,AUXILIAR DE ENTRENADOR DE PORTEROS
2039,AUXILIAR DE MONTAJE DE APERTURAS
2040,AUXILIAR DE RECIBO
2041,AUXILIAR DE RESPONSABLE SANITARIO
2043,AUXILIAR DE TESORERIA
2044,AUXILIAR DENTAL
2045,AUXILIAR RECIBO Y EMBARQUE
2046,AUXILIAR SOPORTE TECNICO
2047,AYUDANTE GENERAL
2048,BISELADOR
2049,CHOFER
2050,COMPRADOR JR
2051,COMPRADOR SR
2052,CONTRALOR
2055,COORDINACION SUBROGADO PA
2056,COORDINACION SUBROGADO PBI
2057,COORDINADOR ADMINISTRATIVO
2058,COORDINADOR C4
2059,COORDINADOR DE ASEGURAMIENTO DE CALIDAD
2060,COORDINADOR DE CAPACITACION Y DESARROLLO
2061,COORDINADOR DE COMUNICACION INTERNA
2062,GESTOR LEGAL
2063,COORDINADOR DE CONTROL VEHICULAR
2064,COORDINADOR DE CUENTAS POR PAGAR Y COBRAR
2065,COORDINADOR DE MANTENIMIENTO
2066,COORDINADOR DE NOMINAS
2067,DESARROLLADOR TI
2068,COORDINADOR DE BENEFICIOS EMPRESARIALES
2069,COORDINADOR DE RECURSOS HUMANOS
2070,COORDINADOR DE SEGURIDAD E HIGIENE
2071,TESORERO
2072,COORDINADOR DE FARMACIA
2073,COORDINADOR DE VALIDACION
2075,COORDINADOR ZONAL
2077,COORDINADOR DISEÑO GRAFICO
2079,DIRECTOR DE COMPRAS INSTITUCIONALES
2080,DIRECTOR DE INTELIGENCIA NEGOCIO
2081,DIRECTOR DE LOGISTICA Y DISTRIBUCION
2082,DIRECTOR DE OPERACIONES
2084,DIRECTOR DE SALUD INTEGRAL
2085,DIRECTOR DE SUBROGADOS
2086,DIRECTOR DE TI
2087,DIRECTOR FISCAL
2088,DIRECTOR GENERAL
2089,DISEÑADOR GRAFICO JR
2090,EJECUTIVO DE CAT
2091,ENCARGADA PLANTA DE AGUA
2092,ENFERMERA
2093,ESCOLTA
2094,ESTIBADOR
2095,FACILITADOR  AUXILIAR DE FARMACIA
2096,FACILITADOR  LABORATORIO
2097,FACILITADOR  MEDICOS
2098,FACILITADOR  OPTICA
2099,FACILITADOR LIDER UNIDAD
2100,FACILITADOR ODONTOLOGO
2101,FACILITADOR CALL CENTER
2102,FLEBOTOMISTA
2103,GERENTE  DE RELACIONES LABORALES
2104,GERENTE ADMINISTRATIVO
2105,GERENTE DE CAPACITACION Y DESARROLLO
2106,GERENTE DE CAT
2107,GERENTE DE COMPRAS
2108,GERENTE DE CONTROL PATRIMONIAL
2109,GERENTE DE LABORATORIO
2110,GERENTE DE LOGISTICA Y DISTRIBUCION
2111,GERENTE DE MANTENIMIENTO
2113,GERENTE DE NÓMINAS
2114,GERENTE DE ODONTOLOGIA
2115,GERENTE DE PROGRAMACIÓN
2116,GERENTE DE RECURSOS HUMANOS
2119,UTILERO
2120,GERENTE FISCAL
2121,GERENTE MEDICO
2122,GERENTE REGIONAL
2123,INGENIERO DE PROCESOS
2124,JEFE DE ADUANA
2126,DIRECTOR TECNICO
2128,PREPARADOR FISICO
2131,LIDER DE UNIDAD
2132,MEDICO GENERAL
2134,MEDICO RADIOLOGO
2136,MONITORISTA
2138,MULTIFUNCIONAL
2139,NUTRIOLOGO
2140,ODONTOLOGO
2141,OPTOMETRISTA
2142,AUX TECNICO/INTELIGENCIA DEPORTIVA
2143,PROGRAMADOR DE CRM
2144,INTELIGENCIA DEPORTIVA
2145,PSICOLOGO
2147,RECEPCIONISTA
2148,RESPONSABLE SANITARIO DE UNIDAD
2151,SUPERVISOR DE OPERACIONES CAT
2152,AUXILIAR DE PREPARADOR FISICO
2153,TECNICO DENTAL
2154,TECNICO EN MANTENIMIENTO
2155,VALIDADOR
2156,AUXILIAR DE GASTOS DE VIAJES
2157,GERENTE DE TI OPERACIONES
2158,GERENTE DE TI CORPORATIVO
2159,SURTIDOR
2160,AUXILIAR INSUMOS
2161,GERENTE DE MANUFACTURA OPTICA
2162,OPERADOR DE CAMARA HIPERBARICA
2163,FISIOTERAPEUTA
2164,TERAPEUTA PULMONAR
2165,AUXILIAR DE NOMINAS
2166,GERENTE DE VINCULACION GUBERNAMENTAL
2167,GERENTE CONTABILIDAD
2168,SUPERVISOR CONTABLE
2169,PROGRAMADOR DE APLICACIONES MOVILES
2171,SUPERVISOR DE NOMINAS
2173,SUPERVISOR DE INGRESOS
2177,ANALISTA DE CUENTAS POR PAGAR
2178,COMPRADOR DE TECNOLOGIA
2180,BORDADOR
2181,INSPECTOR DE CALIDAD
2182,QUIMICO EN VALIDACION CEDIS
2183,GERENTE DE FACTURACION
2184,SUPERVISOR DE LABORATORIO
2185,DIRECTOR DE INFRAESTRUCTURA
2187,PRESIDENTE
2188,DIRECTOR DE TALENTO Y CAPITAL HUMANO
2189,DIRECTOR DE FUSIONES Y ADQUISICIONES
2190,ESPECIALISTA EN CCTV
2191,ADMINISTRADOR DE CATALOGO DE FARMACIA
2192,MEDICO MASTOGRAFO
2193,JEFE DE TURNO P.A.
2194,COORDINADOR DE PREVENCION DE PERDIDAS
2195,GERENTE DE LICITACIONES
2196,GERENTE DE INFRAESTRUCTURA TI
2198,GERENTE JURIDICO
2199,AUDITOR FINANCIERO SR
2200,AUXILIAR DE INGENIERO DE PROCESOS
2201,LICITADOR
2202,GERENTE DE COMPRAS PROYECTOS ESP
2203,JUGADOR
2204,ADMINISTRADOR DE CONTRATOS
2205,COORDINADOR DE COMPRAS INSTITU
2207,GERENTE DE CREDITO
2209,GERENTE DE ALMACEN
2210,GERENTE DE PLANEACION DE LA DEMANDA
2212,LIDER DE UNIDAD COMODIN
2213,AUXILIAR DE FARMACIA COMODIN
2214,FLEBOTOMISTA COMODIN
2215,MEDICO GENERAL COMODIN
2216,ODONTOLOGO COMODIN
2217,OPTOMETRISTA COMODIN
2218,INSPECTOR DE CALIDAD PLANTA DE AGUA
2221,GERENTE DE ASUNTOS REGULATORIOS
2223,COORDINADORA DE ESTRUCTURA
2224,COORDINADOR DE ANALSIS DE COSTO
2227,DIRECTOR DE FABRICA DE MUEBLES
2228,MAESTRO CARPINTERO
2230,AUXILIAR CONTABLE
2232,PEDIATRA
2233,INTERNISTA
2234,ODONTOPEDIATRA
2236,GERENTE DE AUDITORIA INTERNA SR
2237,COORDINADOR ADMINISTRATIVO WEB GAS
2238,ORTODONCISTA
2239,AUXILIAR DE COSTOS
2240,TECNICO RADIOLOGO
2242,MONITORISTA GPS
2243,PROGRAMADOR SR
2244,RESPONSABLE SANITARIO CUVIER
2245,RESPONSABLE SANITARIO SUBROGADOS
2248,RESPONSABLE SANITARIO CAMPECHE
2249,DICTAMINADOR ODONTOLOGO
2252,AUXILIAR ADMINISTRATIVO DE OPTICA
2254,GERENTE ADMINISTRATIVO HOSPITAL
2255,ANALISTA FINANCIERO
2258,MANTENIMIENTO DE AIRE ACONDICIONADO
2259,ANALISTA DE GASTOS DE VIAJES
2261,GERENTE MEDICO TLAXCALA
2262,COORDINADOR MEDICO TLAXCALA
2263,ENDODONCISTA
2264,STAFF DISEÑO GRAFICO
2265,AUXILIAR DIRECCION GENERAL
2268,CIRUJANO BUCAL
2269,DIRECTOR MEDICO
2270,GERENTE DE PROYECTOS HOSPITALARIOS
2271,ANALISTA DE CAPACITACION
2272,ANALISTA DE ATRACCION DE TALENTO
2273,PROGRAMADOR E LEARNING
2275,RESPONSABLE SANITARIO SAN LUIS POTOSI
2276,ENCARGADO DE JARDINERIA
2278,CONTADOR
2279,ANALISTA DE COSTOS
2280,ULTRASONOGRAFISTA
2281,ANALISTA DE ESTRUCTURA
2283,VELADOR
2285,SUPERVISOR DE CUENTAS POR COBRAR
2287,PROGRAMADOR WEB
2288,ANALISTA DE COSTOS DE MATERIALES
2289,AUXILIAR DE RECURSOS HUMANOS
2292,ODONTOLOGO COMODIN MOVIL
2295,AUXILIAR DE FARMACIA COMODIN MOVIL
2296,CAMARISTAS
2297,GERENTE DE HOTELES
2298,AUXILIAR DE TALLADO
2299,BISELADOR MONTADOR
2300,DIGITADOR
2302,SUPERVISOR DE BISELADO
2303,SUPERVISOR DE CALIDAD
2305,ANALISTA DE RECURSOS HUMANOS
2306,AUXILIAR DE CALIDAD
2307,SUPERVISOR DE LOGISTICA OPTICA
2308,SUPERVISOR DE TALLADO
2309,COORDINADOR OPERATIVO DE OPTICA
2310,AMA DE LLAVES
2311,BELL BOY
2312,JEFE DE RECEPCION
2313,COORDINADOR ADMINISTRATIVO HOTELES
2314,MOZO
2315,ELEMENTO DE SEGURIDAD
2316,RESERVACIONES
2321,JEFE DE MANTENIMIENTO
2323,AUXILIAR DE MANTENIMIENTO
2324,DIRECTOR DE ADMINISTRACION
2326,AUXILIAR ADMINISTRATIVO DE CATALOGO DE ACTIVO FIJO
2327,RESPONSABLE SANITARIO OAXACA
2329,COORDINADOR MEDICO
2330,RESIDENTE DE OBRA
2331,DIRECTOR DE SEGUROS Y FIANZAS
2333,ANALISTA FISCAL
2334,VENDEDOR DE MOSTRADOR
2335,COORDINADOR IMSS E INFONAVIT
2336,DICTAMINADOR MEDICO
2337,COSMEATRA
2339,GERENTE DE FUSIONES Y ADQUISICIONES
2340,COORDINADOR DE EXPANSION
2341,AUDITOR DE INVENTARIOS
2344,RESPONSABLE SANITARIO
2345,QUIMICO DOCUMENTAL SUCURSALES
2346,COORDINADOR ADMINISTRATIVO DE OPTICA
2347,AUXILIAR DE RESPONSABLE SANITARIO CEDIS	
2348,RESPONSABLE SANITARIO TLAXCALA CEDIS	
2349,RESPONSABLE SANITARIO SAN LUIS POTOSI CEDIS
2350,AUXILIAR DE ASUNTOS REGULATORIOS
2351,RESPONSABLE SANITARIO CAMPECHE CEDIS
2352,SUPERVISOR DE ESTRATEGIA DE PRECIOS
2353,MEDICO ULTRASONOGRAFISTA
2354,ANALISTA WORKFORCE
2355,SUPERVISOR DE RECIBO Y EMBARQUE
2357,AUXILIAR TECNICO
2358,MEDICO VALIDADOR HOSPITALARIO
2359,INGENIERO BIOMEDICO
2360,COORDINADOR DE PLANEACION DE LA DEMANDA
2361,TRABAJADOR SOCIAL
2363,JEFE DE MONITOREO
2364,SUPERVISOR DE OBRA
2367,ANALISTA DE SOPORTE TECNICO
2368,MENSAJERO EN MOTO
2369,AUXILIAR DE INFRAESTRUCTURA
2370,GERENTE DE OP. EN ENTRENAMIENTO
2371,FISICA ANALISTA DE CALIDAD
2372,ANALISTA DE REVENUE
2373,OPERADOR DE AREAS
2374,ALBERQUERO
2375,OPERADOR MOVIL
2376,SUPERVISOR DENTAL
2378,GERENCIA DE COSTOS
2379,LIDER DE UNIDAD BOTIQUIN
2380,LIDER DE UNIDAD CLINICA
2381,GERENTE DE DISEÑO GRAFICO
2382,ANALISTA CONTABLE
2386,COORDINADORA DE COMUNICACION EN DIRECCION GENERAL
2389,ASESOR MEDICO TELEFONICO
2390,AUXILIAR DE DISEÑO  GRAFICO
2392,OPERADOR DE LAVANDERIA
2393,SUPERVISOR DE LAVANDERIA
2394,AUDITOR DE FARMACIA
2395,ASISTENTE DE DIRECCION GENERAL
2396,SUPERVISOR DE MANTENIMIENTO
2398,TECNICO DE AUTOCLAVE
2399,ENFERMERA MOSI
2402,DIRECTOR DE MANTENIMIENTO
2403,INGENIERO DE TRANSFORMACION DIGITAL
2404,GERENTE DE OPERACIONES DE FABRICA DE MUEBLES
2406,ASISTENTE DENTAL
2407,ASISTENTE MEDICO
2410,OPERADOR DE MANTENIMIENTO
2411,GERENTE REGIONAL MUNICIPAL
2412,ANALISTA ADMINISTRATIVO DE OPTICA
2413,LIDER DE MONTAJE DE APERTURAS
2415,BARMAN
2416,ENFERMERA MOSI
2417,SUPERVISOR DE DISEÑO GRAFICO
2418,COORDINADOR DE TESORERIA
2420,DATA MASTER
2421,ANALISTA DE MANTENIMIENTO PREVENTIVO T.I.
2422,CHOFER MENSAJERO
2423,JEFE DE ALMACEN PROYECTOS SUBROGADOS
2424,VALIDADOR PROYECTOS SUBROGADOS
2426,GERENTE DE HOTEL LUURE
2427,JEFE DE INSUMOS XOCHIMILCO
2428,JEFE DE ALMACEN TLAXCALA BIENESTAR
2429,JEFE DE ALMACEN TLAXCALA PENSIONADOS
2430,JEFE DE ALMACEN SLP
2431,JEFE DE PICKING XOCHIMILCO
2432,JEFE DE ALMACEN YUCATAN
2433,JEFE DE INVENTARIO XOCHIMILCO
2434,APRENDIZ DE CARPINTERO
2435,SUPERVISOR DE RECEPCION
