CLA_TRAB,CLA_RAZON_SOCIAL,CLA_REG_IMSS,CLA_PUESTO,CLA_CENTRO_COSTO,CLA_AREA,CLA_DEPTO,CLA_UBICACION,CLA_PERIODO_PAGO
5,9,9,2001,10010,100,100,87,145
7,2,2,2187,10010,100,100,87,35
48,1,1,2090,40016,400,1600,87,20
64,15,15,2080,40060,400,600,87,186
134,9,9,2093,10010,100,100,87,135
146,15,15,2088,10040,100,400,87,186
535,15,15,2131,150551,2401,15006,413,191
570,7,7,2071,60031,600,3100,87,115
1083,14,14,2346,900355,1200,15012,100009,165
1154,14,14,2116,500261,500,2601,100009,165
1363,15,15,2309,100402,400,5000,87,191
1694,9,9,2093,10010,100,100,87,135
2802,1,1,2138,600307,600,3007,87,20
2877,1,1,2056,900343,900,3402,61,20
2990,1,1,2379,900343,900,3402,62,20
3308,15,15,2035,150551,2401,15006,161,191
3556,15,15,2140,150552,2401,15007,139,188
3623,1,1,2035,900342,900,3401,154,20
3645,15,15,2141,150551,1500,5501,384,191
3715,15,15,2185,20020,200,2000,87,186
3846,9,9,2122,15001,1500,15001,3,145
3867,15,15,2035,150551,1500,5501,89,191
3921,7,7,2015,60031,600,3100,87,115
3975,15,15,2238,10036,1000,3600,87,191
4003,9,9,2079,40011,400,1100,87,140
4013,7,7,2075,15002,1500,15002,87,115
4075,1,1,2379,900343,900,3402,60,20
4081,1,1,2122,15001,1500,15001,2,20
4102,2,2,2122,15001,1500,15001,519,35
4130,1,1,2187,10010,100,100,87,20
4171,7,7,2264,100402,400,5000,87,115
4177,15,15,2035,150552,1500,5502,168,191
4305,15,15,2085,40090,400,900,87,186
4383,1,1,2355,90033,900,3300,501,20
4386,15,15,2051,600307,600,3007,87,191
4394,15,15,2102,150552,2401,15007,167,191
4400,15,15,2189,10058,100,5800,87,186
4408,1,1,2075,150134,1500,13400,684,20
4411,1,1,2035,150561,1500,5601,197,20
4421,1,1,2035,150561,1500,5601,201,20
4479,3,3,2132,15057,1500,5700,398,50
4546,1,1,2141,150542,1500,5402,209,20
4558,7,7,2205,11049,1100,4900,87,115
4603,1,1,2423,90033,900,3300,501,20
4648,1,1,2055,900342,900,3401,154,20
4650,1,1,2035,900342,900,3401,290,20
4655,1,1,2380,900342,900,3401,150,20
4664,1,1,2072,150545,900,5405,507,20
4665,1,1,2380,900342,900,3401,290,20
4695,1,1,2380,90034,900,3400,749,20
4700,7,7,2075,150551,1500,5501,87,115
4710,15,15,2202,30021,2200,2100,87,191
4729,7,7,2018,30023,300,2300,87,115
4744,1,1,2379,900342,900,3401,153,20
4761,1,1,2378,600305,600,3005,87,20
4786,7,7,2418,60031,600,3100,87,115
4839,1,1,2035,150542,1500,5402,209,20
4842,15,15,2204,30021,2200,2100,87,191
5014,15,15,2141,150552,1500,5502,167,191
5105,7,7,2069,500128,500,12800,171,115
5299,1,1,2131,150552,1500,5502,438,20
5358,2,2,2131,150551,1500,5501,131,35
5417,1,1,2141,150552,1500,5502,438,20
5418,1,1,2075,150572,1500,5703,518,20
5427,1,1,2427,80032,800,3200,500,20
5469,15,15,2131,150552,1500,5502,169,191
5494,9,9,2047,70001,700,7001,100010,145
5500,9,9,2114,10036,1000,3600,87,145
5501,7,7,2049,11049,1100,4900,87,115
5523,1,1,2131,150561,1500,5601,294,20
5590,7,7,2039,70002,700,7002,100009,115
5615,1,1,2035,150561,1500,5601,199,20
5658,15,15,2132,150552,1500,5502,169,191
5722,1,1,2132,150561,1500,5601,199,20
5729,1,1,2035,900343,900,3402,61,20
5730,15,15,2141,150552,1500,5502,169,191
5811,7,7,2340,70002,700,7002,100009,115
5912,1,1,2035,150561,1500,5601,314,20
5948,1,1,2035,150561,1500,5601,312,20
5985,2,2,2102,150546,1500,5406,431,35
6072,15,15,2268,10036,1000,3600,87,191
6136,1,1,2370,15013,1500,13300,87,20
6187,15,15,2131,150564,1500,5604,387,191
6255,1,1,2102,150561,1500,5601,201,20
6362,15,15,2131,150564,1500,5604,392,191
6363,15,15,2102,150564,1500,5604,392,191
6367,15,15,2131,150564,1500,5604,391,191
6420,1,1,2131,150561,1500,5601,314,20
6470,1,1,2428,80032,800,3200,2,20
6481,15,15,2131,150564,1500,5604,404,191
6547,1,1,2188,40050,400,500,87,105
6570,9,9,2093,10010,100,100,87,135
6651,15,15,2131,150551,2401,15006,411,191
6681,9,9,2116,500126,500,12600,171,145
6682,9,9,2116,500127,500,12700,87,145
6683,9,9,2105,50025,500,2500,171,145
6697,1,1,2035,150561,1500,5601,201,20
6708,7,7,2153,10036,1000,3600,100009,115
6717,9,9,2035,150552,1500,5502,142,145
6728,1,1,2131,150561,1500,5601,389,20
6744,9,9,2122,15001,1500,15001,87,145
6757,1,1,2035,900347,900,3406,191,20
6780,1,1,2090,40016,400,1600,87,20
6826,1,1,2035,900342,900,3401,152,20
6882,7,7,2192,40061,2000,6201,87,115
6890,1,1,2102,150561,1500,5601,194,20
6918,9,9,2141,150552,1500,5502,142,145
6933,1,1,2075,15002,1500,15002,203,20
6975,9,9,2022,190900,1900,9000,420,135
6983,7,7,2216,15003,1500,15003,87,115
6987,1,1,2352,600291,600,2901,87,20
7006,15,15,2143,13044,1300,4400,87,191
7022,15,15,2227,190900,1900,9000,420,191
7088,7,7,2075,15002,1500,15002,87,115
7122,9,9,2140,150551,1500,5501,384,145
7159,15,15,2143,13044,1300,4400,87,191
7183,9,9,2052,60029,600,2900,87,145
7212,7,7,2099,50025,500,2500,171,115
7253,9,9,2116,500128,500,12800,171,145
7265,6,6,2082,630630,100,6300,501,80
7272,7,7,2075,15002,1500,15002,87,115
7278,7,7,2095,50025,500,2500,171,115
7279,9,9,2122,15001,1500,15001,203,145
7294,15,15,2102,150564,1500,5604,387,191
7323,1,1,2035,900343,900,3402,60,20
7339,1,1,2122,15001,1500,15001,87,20
7374,2,2,2075,15002,1500,15002,2,35
7398,2,2,2102,150546,1500,5406,430,35
7408,2,2,2141,150546,1500,5406,428,35
7415,1,1,2122,150534,1500,5304,526,20
7416,2,2,2140,150546,1500,5406,426,35
7428,9,9,2091,70001,700,7001,100010,145
7466,1,1,2141,150552,1500,5502,158,20
7473,15,15,2132,150564,1500,5604,387,191
7498,15,15,2254,210101,2100,10001,501,190
7572,1,1,2102,150561,1500,5601,295,20
7599,1,1,2379,900343,900,3402,61,20
7630,1,1,2141,150551,1500,5501,702,20
7669,1,1,2368,90033,900,3300,501,20
7681,1,1,2102,150561,1500,5601,200,20
7780,9,9,2115,13044,1300,4400,87,145
7784,15,15,2140,150552,1500,5502,58,191
7792,1,1,2141,150561,1500,5601,389,20
7873,6,6,2207,630630,100,6300,501,80
7933,15,15,2108,600292,600,2902,87,191
7964,1,1,2140,150552,1500,5502,438,20
7990,1,1,2140,150561,1500,5601,389,20
8034,1,1,2035,900342,900,3401,151,20
8051,1,1,2160,800324,800,3204,500,20
8055,15,15,2088,630630,100,6300,501,189
8100,1,1,2102,150561,1500,5601,293,20
8130,7,7,2007,11049,1100,4900,87,115
8174,15,15,2141,150551,1500,5501,735,191
8193,7,7,2021,600291,600,2901,87,115
8201,1,1,2024,600294,600,2904,87,20
8214,15,15,2140,150564,1500,5604,387,191
8244,2,2,2102,150546,1500,5406,434,35
8269,15,15,2073,600303,600,3003,87,191
8278,1,1,2131,150552,1500,5502,451,20
8292,7,7,2070,50027,500,2700,171,115
8323,1,1,2003,800321,800,3201,500,20
8352,1,1,2092,900354,2401,15010,397,20
8371,1,1,2429,80032,800,3200,3,20
8393,15,15,2005,13044,1300,4400,87,191
8396,1,1,2102,150552,1500,5502,440,20
8408,1,1,2035,150534,1500,5304,448,20
8410,1,1,2141,150534,1500,5304,448,20
8412,15,15,2035,150134,1500,13400,725,191
8414,15,15,2035,150552,1500,5502,8,191
8444,15,15,2140,150564,1500,5604,388,191
8450,15,15,2243,13044,1300,4400,87,191
8484,15,15,2194,60030,600,3000,87,191
8506,1,1,2003,800321,800,3201,500,20
8507,1,1,2151,40016,400,1600,87,20
8542,15,15,2132,150552,1500,5502,167,191
8551,15,15,2131,150552,1500,5502,167,191
8568,2,2,2131,150546,1500,5406,436,35
8578,1,1,2102,150561,1500,5601,197,20
8631,1,1,2045,800325,800,3205,500,20
8641,2,2,2035,150546,1500,5406,429,35
8653,1,1,2035,900343,900,3402,62,20
8656,1,1,2057,60030,600,3000,27,20
8667,1,1,2423,900343,900,3402,61,20
8718,9,9,2166,100402,400,5000,87,145
8723,9,9,2411,40015,400,1500,87,140
8741,7,7,2017,20020,200,2000,87,115
8779,1,1,2003,800321,800,3201,3,20
8799,1,1,2218,70001,700,7001,100010,20
8821,1,1,2102,150561,1500,5601,202,20
8844,1,1,2132,150552,1500,5502,689,20
8856,15,15,2141,150564,1500,5604,403,191
8995,1,1,2035,900342,900,3401,154,20
9007,9,9,2093,10010,100,100,87,135
9040,1,1,2035,900342,900,3401,155,20
9073,1,1,2075,15002,1500,15002,320,20
9076,9,9,2093,10010,100,100,87,135
9080,1,1,2131,150552,1500,5502,158,20
9086,1,1,2035,900342,900,3401,155,20
9091,1,1,2036,90033,900,3300,501,20
9098,1,1,2379,900342,900,3401,154,20
9120,7,7,2035,150552,1500,5502,139,115
9124,9,9,2116,500130,500,13000,171,145
9150,1,1,2141,150534,1500,5304,447,20
9160,1,1,2131,150561,1500,5601,311,20
9165,2,2,2140,150546,1500,5406,432,35
9196,1,1,2090,40016,400,1600,87,20
9211,1,1,2132,150552,1500,5502,451,20
9214,9,9,2157,13046,1300,4600,87,145
9217,2,2,2132,150546,1500,5406,436,35
9229,1,1,2035,150561,1500,5601,389,20
9232,9,9,2221,40052,400,5200,87,145
9272,1,1,2094,800325,800,3205,500,20
9275,1,1,2140,150552,1500,5502,439,20
9302,14,14,2308,12041,1200,4100,100009,165
9364,15,15,2145,150551,1500,5501,289,191
9395,1,1,2003,800321,800,3201,500,20
9396,15,15,2035,150552,1500,5502,169,191
9407,15,15,2035,150564,1500,5604,392,191
9409,1,1,2154,20019,2400,1900,100009,20
9410,1,1,2379,900342,900,3401,151,20
9413,7,7,2021,600291,600,2901,87,115
9418,15,15,2131,150564,1500,5604,385,191
9419,15,15,2141,150564,1500,5604,388,191
9427,15,15,2122,150548,1500,5408,717,191
9429,1,1,2035,900343,900,3402,62,20
9431,7,7,2141,150552,1500,5502,139,115
9436,1,1,2140,150561,1500,5601,313,20
9444,1,1,2141,150572,1500,5703,747,20
9457,1,1,2379,900342,900,3401,152,20
9474,2,2,2035,150552,1500,5502,712,35
9495,15,15,2132,150552,1500,5502,512,191
9516,1,1,2424,900342,900,3401,154,20
9519,7,7,2008,600292,600,2902,87,115
9535,7,7,2102,150552,1500,5502,139,115
9553,15,15,2141,150551,1500,5501,289,191
9567,15,15,2132,150552,1500,5502,169,191
9568,1,1,2140,150552,1500,5502,158,20
9575,15,15,2022,60030,600,3000,87,191
9603,1,1,2092,15057,1500,5700,190,20
9608,1,1,2102,150534,1500,5304,447,20
9614,1,1,2024,600294,600,2904,87,20
9624,15,15,2143,13044,1300,4400,87,191
9639,1,1,2102,150561,1500,5601,292,20
9660,1,1,2069,500126,500,12600,171,20
9664,1,1,2379,900342,900,3401,149,20
9673,1,1,2141,150552,1500,5502,465,20
9685,15,15,2131,150552,1500,5502,8,191
9713,9,9,2167,60032,600,5900,87,145
9722,8,8,2049,800322,800,3202,500,130
9729,1,1,2035,150561,1500,5601,292,20
9730,1,1,2069,500126,500,12600,526,20
9748,1,1,2180,100402,400,5000,87,20
9761,1,1,2140,150534,1500,5304,449,20
9778,9,9,2228,190901,1900,9001,420,135
9794,7,7,2034,600304,600,3004,87,115
9795,7,7,2097,50025,500,2500,171,115
9802,15,15,2102,150564,1500,5604,391,191
9806,1,1,2035,150534,1500,5304,450,20
9807,1,1,2141,150534,1500,5304,459,20
9822,2,17,2430,80032,800,3200,526,35
9861,2,2,2132,150546,1500,5406,669,35
9884,1,1,2069,500126,500,12600,2,20
9886,1,1,2140,150534,1500,5304,450,20
9912,2,2,2132,150546,1500,5406,429,35
9913,1,1,2035,150534,1500,5304,447,20
9920,14,14,2303,12041,1200,4100,100009,165
9921,9,9,2093,10010,100,100,87,135
9928,1,1,2132,150542,1500,5402,209,20
9944,7,7,2024,600294,600,2904,87,115
9950,9,9,2109,10037,1000,3700,87,145
9971,2,2,2102,150546,1500,5406,429,35
9978,7,7,2184,10037,1000,3700,87,115
9988,15,15,2132,150564,1500,5604,391,191
9997,1,1,2024,600294,600,2904,87,20
10005,1,1,2075,15002,1500,15002,526,20
10024,7,7,2061,50025,500,2500,171,115
10054,15,15,2132,150552,1500,5502,168,191
10057,15,15,2131,150551,2401,15006,161,191
10059,1,1,2191,160602,800,6002,87,20
10069,1,1,2136,40017,400,1700,87,20
10077,9,9,2111,20019,2400,1900,100009,145
10083,7,7,2100,50025,500,2500,171,115
10099,1,1,2102,150534,1500,5304,490,20
10105,1,1,2025,500128,500,12800,171,20
10112,9,9,2228,190901,1900,9001,420,135
10123,7,7,2021,600291,600,2901,87,115
10135,15,15,2131,150551,1500,5501,289,191
10143,1,1,2035,900343,900,3402,60,20
10150,7,7,2021,600291,600,2901,87,115
10167,1,1,2102,150552,1500,5502,438,20
10218,1,1,2154,20019,2400,1900,100009,20
10228,1,1,2003,800321,800,3201,500,20
10236,2,2,2140,150546,1500,5406,431,35
10241,7,7,2097,50025,500,2500,171,115
10261,1,1,2379,900342,900,3401,155,20
10264,9,9,2196,13046,1300,4600,87,145
10269,1,1,2224,600305,600,3005,87,20
10280,14,14,2412,12043,1200,4300,100009,165
10300,1,1,2035,150561,1500,5601,200,20
10318,15,15,2131,150552,1500,5502,140,191
10357,1,1,2006,40016,400,1600,87,20
10366,1,1,2003,800321,800,3201,500,20
10369,9,9,2228,190901,1900,9001,420,135
10387,7,7,2123,50025,500,2500,171,115
10401,15,15,2132,150564,1500,5604,388,191
10417,1,1,2025,500126,500,12600,171,20
10423,7,7,2099,50025,500,2500,171,115
10438,9,9,2081,40080,400,800,87,140
10439,9,9,2195,10010,100,100,87,145
10445,15,15,2035,150552,1500,5502,169,191
10448,2,2,2132,150546,1500,5406,431,35
10457,9,9,2228,190901,1900,9001,420,135
10464,1,1,2102,150534,1500,5304,447,20
10469,1,1,2025,500126,500,12600,171,20
10470,1,1,2102,150534,1500,5304,450,20
10503,1,1,2132,150561,1500,5601,199,20
10513,1,1,2132,150552,1500,5502,439,20
10540,1,1,2344,40052,400,5200,87,20
10544,7,7,2345,40052,400,5200,87,115
10557,10,10,2269,210101,2100,10001,501,150
10559,10,10,2088,210101,2100,10001,501,150
10563,1,1,2136,40017,400,1700,87,20
10576,1,1,2140,150561,1500,5601,194,20
10611,9,9,2228,190901,1900,9001,420,135
10647,15,15,2140,150564,1500,5604,385,191
10659,1,1,2193,900342,900,3401,154,20
10661,1,1,2424,90033,900,3300,501,20
10662,1,1,2035,900343,900,3402,61,20
10669,1,1,2132,150534,1500,5304,490,20
10680,1,1,2154,20019,2400,1900,100009,20
10689,1,1,2049,800322,800,3202,2,20
10692,2,2,2183,600304,600,3004,87,35
10693,1,1,2122,15001,1500,15001,87,20
10697,15,15,2140,150564,1500,5604,404,191
10699,15,15,2102,150564,1500,5604,388,191
10737,1,1,2140,150534,1500,5304,491,20
10757,1,1,2368,12043,1200,4300,100009,20
10764,2,2,2140,150551,1500,5501,131,35
10771,15,15,2102,150564,1500,5604,386,191
10790,1,1,2035,150561,1500,5601,194,20
10795,15,15,2132,150552,1500,5502,169,191
10799,1,1,2131,150552,1500,5502,439,20
10800,1,1,2131,150547,1500,5407,494,20
10802,1,1,2131,150534,1500,5304,491,20
10810,1,1,2141,150545,900,5405,507,20
10812,1,1,2141,150545,900,5405,505,20
10816,1,1,2102,150545,900,5405,507,20
10828,1,1,2102,150545,900,5405,507,20
10837,1,1,2131,150545,900,5405,505,20
10838,1,1,2132,150545,900,5405,507,20
10839,1,1,2035,150545,900,5405,505,20
10841,1,1,2102,150545,900,5405,504,20
10842,1,1,2102,150545,900,5405,507,20
10854,1,1,2102,150545,900,5405,506,20
10865,1,1,2090,40016,400,1600,87,20
10867,1,1,2124,600294,600,2904,87,20
10872,1,1,2131,150545,900,5405,515,20
10875,1,1,2209,80032,800,3200,500,20
10877,1,1,2025,500128,500,12800,171,20
10885,1,1,2025,500128,500,12800,171,20
10886,1,1,2065,20019,200,2000,100009,20
10912,1,1,2141,150545,900,5405,503,20
10917,1,1,2145,150545,900,5405,515,20
10941,1,1,2132,150547,1500,5407,494,20
10967,1,1,2131,150534,1500,5304,490,20
10973,1,1,2141,150534,1500,5304,497,20
10976,1,1,2141,150545,900,5405,504,20
10988,14,14,2307,900355,1200,15012,100009,165
11026,2,2,2140,150546,1500,5406,436,35
11027,15,15,2134,150547,1500,5407,499,191
11031,1,1,2141,150552,1500,5502,451,20
11036,7,7,2279,600305,600,3005,87,115
11038,1,1,2132,150545,900,5405,507,20
11040,1,1,2132,150545,900,5405,507,20
11051,2,2,2140,150546,1500,5406,434,35
11053,1,1,2035,150545,900,5405,508,20
11058,2,2,2035,150546,1500,5406,428,35
11063,1,1,2102,150545,900,5405,503,20
11071,1,1,2090,40016,400,1600,87,20
11075,1,1,2141,150547,1500,5407,494,20
11078,1,1,2035,150541,1500,5401,27,20
11083,1,1,2035,150561,1500,5601,195,20
11089,2,2,2132,150548,1500,5408,695,35
11095,7,7,2092,40061,2000,6201,87,115
11103,7,7,2099,50025,500,2500,171,115
11107,2,2,2132,150551,1500,5501,131,35
11108,1,1,2090,40016,400,1600,87,20
11116,1,1,2261,150545,900,5405,507,20
11121,1,1,2262,150545,900,5405,507,20
11130,1,1,2035,150561,1500,5601,202,20
11134,7,7,2075,15002,1500,15002,87,115
11135,15,15,2132,150552,1500,5502,140,191
11138,1,1,2035,150545,900,5405,507,20
11140,1,1,2258,11049,1100,4900,87,20
11142,2,2,2075,15002,1500,15002,2,35
11144,1,1,2035,150545,900,5405,507,20
11146,7,7,2095,50025,500,2500,171,115
11156,15,15,2131,150551,1500,5501,412,191
11161,1,1,2339,17058,1700,5801,87,20
11164,1,1,2035,150545,900,5405,507,20
11165,1,1,2035,150561,1500,5601,294,20
11169,2,2,2102,150546,1500,5406,434,35
11184,1,1,2131,150545,900,5405,506,20
11196,1,1,2132,150545,900,5405,505,20
11200,7,7,2022,60030,600,3000,87,115
11205,1,1,2025,500126,500,12600,171,20
11242,1,1,2075,150548,1500,5408,670,20
11253,7,7,2046,13045,1300,4500,87,115
11269,1,1,2090,40016,400,1600,87,20
11278,1,1,2141,150534,1500,5304,100001,20
11281,1,1,2003,800321,800,3201,3,20
11294,1,1,2035,150561,1500,5601,199,20
11327,1,1,2132,150561,1500,5601,201,20
11334,7,7,2184,10037,1000,3700,87,115
11335,1,1,2102,150552,1500,5502,158,20
11344,14,14,2252,900355,1200,15012,100009,165
11347,1,1,2131,150534,1500,5304,100001,20
11348,1,1,2090,40016,400,1600,87,20
11352,7,7,2386,100402,400,5000,87,115
11353,1,1,2035,150545,900,5405,508,20
11361,1,1,2029,600292,600,2902,87,20
11364,7,7,2273,50025,500,2500,171,115
11365,1,1,2049,800322,800,3202,3,20
11377,1,1,2140,150552,1500,5502,440,20
11402,7,7,2184,10037,1000,3700,87,115
11407,2,2,2102,150536,1500,5306,513,35
11409,15,15,2082,40015,400,1500,87,186
11418,1,1,2102,150545,900,5405,515,20
11443,9,9,2110,80032,800,3200,500,145
11457,1,1,2431,80032,800,3200,500,20
11464,1,1,2132,150545,900,5405,515,20
11466,1,1,2136,40017,400,1700,87,20
11480,1,1,2006,40016,400,1600,87,20
11492,1,1,2131,150534,1500,5304,100002,20
11500,1,1,2035,150534,1500,5304,448,20
11515,1,1,2045,800325,800,3205,500,20
11519,1,1,2140,150547,1500,5407,493,20
11522,15,15,2141,150564,1500,5604,385,191
11525,2,2,2140,150546,1500,5406,426,35
11534,1,1,2003,800321,800,3201,500,20
11541,1,1,2035,150534,1500,5304,491,20
11556,7,7,2132,150552,1500,5502,139,115
11575,1,1,2140,150545,900,5405,504,20
11581,15,15,2189,21010,2100,10000,501,190
11587,1,1,2035,900342,900,3401,154,20
11588,1,1,2035,90034,900,3400,749,20
11589,7,7,2026,11049,1100,4900,87,115
11594,1,1,2136,40017,400,1700,87,20
11602,2,2,2131,150546,1500,5406,671,35
11605,9,9,2139,150552,1500,5502,142,145
11624,15,15,2131,150564,1500,5604,388,191
11632,1,1,2069,500131,500,13100,171,20
11636,1,1,2132,50027,500,2700,171,20
11637,2,2,2131,150546,1500,5406,431,35
11645,1,1,2025,500128,500,12800,171,20
11659,2,2,2035,150546,1500,5406,434,35
11660,1,1,2035,900343,900,3402,60,20
11666,1,1,2140,150572,1500,5703,521,20
11672,1,1,2131,150572,1500,5703,519,20
11681,1,1,2102,150534,1500,5304,449,20
11684,1,1,2275,40052,400,5200,526,20
11690,1,1,2140,150572,1500,5703,518,20
11691,1,1,2090,40016,400,1600,87,20
11704,1,1,2131,150534,1500,5304,459,20
11718,1,1,2035,900354,2401,15010,108,20
11726,6,6,2107,630630,100,6300,501,80
11743,1,1,2022,11049,1100,4900,87,20
11757,1,1,2075,150572,1500,5703,518,20
11789,1,1,2132,150542,1500,5402,209,20
11795,7,7,2098,50025,500,2500,171,115
11797,1,1,2233,150545,900,5405,507,20
11805,2,2,2141,150552,1500,5502,522,35
11817,15,15,2102,150552,1500,5502,512,191
11833,15,15,2141,150552,1500,5502,58,191
11844,1,1,2139,150545,900,5405,515,20
11847,1,1,2132,150545,900,5405,507,20
11849,1,1,2035,900342,900,3401,150,20
11854,7,7,2131,150552,1500,5502,139,115
11865,1,1,2090,40016,400,1600,87,20
11869,2,2,2141,150548,1500,5408,695,35
11881,1,1,2131,150552,1500,5502,465,20
11902,1,1,2132,150534,1500,5304,497,20
11904,15,15,2158,13046,1300,4600,87,191
11905,1,1,2090,40016,400,1600,87,20
11912,15,15,2144,100112,100,11002,525,187
11913,15,15,2004,100111,100,11001,525,187
11914,15,15,2104,100111,100,11001,525,187
11919,1,1,2090,40016,400,1600,87,20
11928,1,1,2075,15002,1500,15002,526,20
11932,11,11,2019,100111,100,11001,525,160
11934,11,11,2030,100111,100,11001,525,160
11935,11,11,2030,100111,100,11001,525,160
11937,11,11,2119,100112,100,11002,525,160
11940,11,11,2010,100111,100,11001,525,160
11941,15,15,2013,100111,100,11001,525,187
11942,15,15,2033,100112,100,11002,525,187
11945,11,11,2132,100112,100,11002,525,155
11949,1,1,2090,40016,400,1600,87,20
11962,15,15,2023,100111,100,11001,525,187
11979,1,1,2024,600294,600,2904,3,20
11989,9,9,2131,150552,1500,5502,142,145
11993,1,1,2271,50025,500,2500,171,20
11994,1,1,2336,150545,900,5405,507,20
12015,15,15,2067,13046,1300,4400,87,191
12045,1,1,2140,150561,1500,5601,201,20
12093,11,11,2152,100112,100,11002,525,155
12102,15,15,2037,100112,100,11002,525,187
12104,9,9,2103,50028,500,2800,171,145
12105,2,2,2102,150546,1500,5406,436,35
12121,1,1,2069,500127,500,12700,87,20
12122,1,1,2068,500131,500,13100,171,20
12123,1,1,2017,500131,500,13100,171,20
12126,7,7,2022,60030,600,3000,87,115
12139,1,1,2131,150542,1500,5402,209,20
12149,2,2,2140,150546,1500,5406,435,35
12158,1,1,2160,800324,800,3204,500,20
12163,15,15,2169,13044,1300,4400,87,191
12170,15,15,2035,150564,1500,5604,404,191
12171,1,1,2131,150551,2401,15006,767,20
12173,15,15,2141,150552,1500,5502,168,191
12180,7,7,2255,17058,1700,5801,87,115
12186,2,2,2141,150552,1500,5502,523,35
12196,1,1,2131,150545,900,5405,507,20
12198,1,1,2041,40052,400,5200,3,20
12200,7,7,2075,15002,1500,15002,87,115
12201,1,1,2141,150552,1500,5502,689,20
12220,15,15,2132,150552,1500,5502,168,191
12234,1,1,2131,150547,1500,5407,493,20
12238,15,15,2140,150551,1500,5501,289,191
12249,1,1,2035,150545,900,5405,508,20
12255,2,2,2131,150546,1500,5406,428,35
12263,1,1,2132,150534,1500,5304,449,20
12280,1,1,2022,50024,500,2400,171,20
12281,1,1,2045,800325,800,3205,500,20
12311,2,2,2141,150546,1500,5406,431,35
12312,1,1,2035,150542,1500,5402,209,20
12313,1,1,2424,900342,900,3401,154,20
12331,1,1,2131,150534,1500,5304,450,20
12332,9,9,2116,500125,500,12500,87,145
12342,1,1,2036,800323,800,3203,500,20
12343,1,1,2094,800325,800,3205,500,20
12352,11,11,2276,100111,100,11001,525,160
12354,2,2,2140,150546,1500,5406,429,35
12362,1,1,2035,150561,1500,5601,194,20
12416,7,7,2199,17058,1700,5801,87,115
12417,7,7,2184,10037,1000,3700,87,115
12419,15,15,2132,150552,1500,5502,169,191
12429,15,15,2132,150564,1500,5604,385,191
12435,7,7,2022,60030,600,3000,87,115
12445,9,9,2228,190901,1900,9001,420,135
12459,7,7,2046,13045,1300,4500,87,115
12467,15,15,2102,150552,1500,5502,531,191
12468,15,15,2131,150552,1500,5502,58,191
12469,15,15,2035,150552,1500,5502,531,191
12485,1,1,2131,150551,1500,5501,713,20
12507,1,1,2066,50024,500,2400,171,20
12510,7,7,2132,90034,900,3400,685,115
12521,15,15,2141,150564,1500,5604,387,191
12528,1,1,2035,150534,1500,5304,100002,20
12549,2,2,2035,150546,1500,5406,436,35
12557,1,1,2131,150534,1500,5304,100003,20
12563,7,7,2046,13045,1300,4500,87,115
12579,7,7,2100,50025,500,2500,171,115
12580,1,1,2040,800325,800,3205,3,20
12599,9,9,2107,30021,2200,2100,87,145
12602,15,15,2051,30021,2200,2100,87,191
12610,15,15,2223,500131,500,13100,171,191
12625,1,1,2140,150547,1500,5407,493,20
12628,1,1,2035,150565,1500,5605,701,20
12634,1,1,2017,15051,1500,5100,87,20
12636,7,7,2216,15003,1500,15003,87,115
12640,15,15,2132,150552,1500,5502,531,191
12642,15,15,2143,13044,1300,4400,87,191
12644,1,1,2341,600291,600,2901,87,20
12648,1,1,2035,900342,900,3401,154,20
12663,1,1,2003,800321,800,3201,500,20
12673,15,15,2132,150552,1500,5502,169,191
12680,1,1,2102,150547,1500,5407,516,20
12681,7,7,2069,500125,500,12500,87,115
12696,1,1,2035,150561,1500,5601,295,20
12704,1,1,2090,40016,400,1600,87,20
12709,1,1,2141,150534,1500,5304,100002,20
12715,10,10,2283,21010,2100,10001,501,150
12719,1,1,2140,150534,1500,5304,490,20
12724,15,15,2035,150552,1500,5502,169,191
12733,1,1,2305,500130,500,13000,171,20
12737,1,1,2090,40016,400,1600,87,20
12738,7,7,2069,500136,500,13600,171,115
12740,1,1,2140,150561,1500,5601,311,20
12750,1,1,2131,150545,900,5405,503,20
12760,15,15,2044,10036,1000,3600,87,191
12765,1,1,2141,150547,1500,5407,493,20
12766,15,15,2084,40010,400,1000,87,186
12771,1,1,2248,40052,400,5200,203,20
12772,15,15,2141,150564,1500,5604,404,191
12773,1,1,2102,150561,1500,5601,313,20
12781,1,1,2159,800324,800,3204,500,20
12796,1,1,2090,40016,400,1600,87,20
12808,1,1,2090,40016,400,1600,87,20
12813,2,2,2131,150546,1500,5406,527,35
12814,2,2,2035,150546,1500,5406,430,35
12815,14,14,2065,12041,1200,4100,100009,165
12823,1,1,2140,150561,1500,5601,197,20
12824,1,1,2132,150561,1500,5601,389,20
12829,1,1,2035,150545,900,5405,507,20
12830,1,1,2035,90034,900,3400,749,20
12833,1,1,2090,40016,400,1600,87,20
12842,15,15,2155,600303,600,3003,87,191
12853,1,1,2025,500130,500,13000,171,20
12855,1,1,2375,150552,1500,5502,534,20
12857,1,1,2075,150572,1500,5703,518,20
12860,1,1,2216,150572,1500,5703,518,20
12863,1,1,2141,150572,1500,5703,541,20
12872,1,1,2131,150572,1500,5703,540,20
12874,1,1,2132,150572,1500,5703,540,20
12878,1,1,2141,150572,1500,5703,545,20
12879,1,1,2140,150572,1500,5703,545,20
12903,15,15,2278,12012,2300,12100,100004,185
12911,7,7,2139,90034,900,3400,686,115
12920,1,1,2131,150572,1500,5703,543,20
12923,1,1,2035,150572,1500,5703,546,20
12931,1,1,2140,150572,1500,5703,547,20
12936,1,1,2281,500131,500,13100,171,20
12945,1,1,2132,150545,900,5405,505,20
12946,15,15,2035,150551,1500,5501,289,191
12947,1,1,2140,150552,1500,5502,451,20
12948,1,1,2132,150547,1500,5407,493,20
12956,1,1,2024,600294,600,2904,87,20
12958,2,2,2035,150546,1500,5406,2,35
12961,12,16,2296,23001,2300,12200,100005,175
12963,12,16,2296,23001,2300,12200,100005,175
12967,12,16,2147,23001,2300,12200,100005,175
12970,15,15,2297,23001,2300,12200,100005,184
12976,1,1,2003,800321,800,3201,500,20
12982,9,9,2228,190901,1900,9001,420,135
12983,2,2,2132,150546,1500,5406,436,35
12990,1,1,2131,150572,1500,5703,547,20
12992,1,1,2131,150572,1500,5703,546,20
12993,1,1,2102,150572,1500,5703,546,20
13007,1,1,2132,150545,900,5405,506,20
13012,1,1,2035,150561,1500,5601,195,20
13014,1,1,2132,150552,1500,5502,158,20
13020,1,1,2090,40016,400,1600,87,20
13021,1,1,2036,800323,800,3203,500,20
13026,7,7,2153,10036,1000,3600,100009,115
13033,7,7,2098,50025,500,2500,171,115
13037,2,2,2102,150546,1500,5406,2,35
13045,1,1,2090,40016,400,1600,87,20
13055,1,1,2141,150545,900,5405,506,20
13061,7,7,2046,13045,1300,4500,87,115
13063,7,7,2305,500125,500,12500,87,115
13066,1,1,2136,40017,400,1700,87,20
13068,1,1,2354,40016,400,1600,87,20
13076,1,1,2132,150572,1500,5703,545,20
13077,1,1,2102,150572,1500,5703,547,20
13079,1,1,2140,150542,1500,5402,209,20
13086,1,1,2132,150534,1500,5304,100001,20
13088,1,1,2035,900342,900,3401,153,20
13092,1,1,2064,600301,600,3001,87,20
13095,7,7,2382,60032,600,5900,87,115
13104,15,15,2002,150551,1500,5501,384,191
13105,15,15,2002,150551,1500,5501,384,191
13109,1,1,2075,15002,1500,15002,3,20
13110,1,1,2035,150572,1500,5703,548,20
13112,2,2,2141,150546,1500,5406,426,35
13115,15,15,2009,100111,100,11001,525,187
13126,1,1,2132,150552,1500,5502,465,20
13139,1,1,2140,150572,1500,5703,548,20
13140,1,1,2132,150534,1500,5304,100003,20
13147,1,1,2132,150545,900,5405,507,20
13149,1,1,2154,20019,2400,1900,100009,20
13163,1,1,2132,150534,1500,5304,450,20
13165,1,1,2011,600301,600,3001,87,20
13170,15,15,2263,10036,1000,3600,87,191
13172,1,1,2141,150565,1500,5605,701,20
13179,15,15,2102,150552,1500,5502,169,191
13185,1,1,2090,40016,400,1600,87,20
13186,7,7,2279,600305,600,3005,87,115
13194,15,15,2131,150551,1500,5501,384,191
13208,15,15,2140,150552,1500,5502,169,191
13213,2,2,2035,150551,1500,5501,131,35
13215,1,1,2022,150545,900,5405,504,20
13221,1,1,2132,150561,1500,5601,311,20
13223,1,1,2132,150561,1500,5601,198,20
13225,1,1,2141,150572,1500,5703,519,20
13228,2,2,2132,150552,1500,5502,712,35
13231,15,15,2132,150552,1500,5502,169,191
13232,2,2,2132,150546,1500,5406,671,35
13235,1,1,2132,150547,1500,5407,516,20
13244,1,1,2217,150547,1500,5407,493,20
13246,1,1,2132,150545,900,5405,507,20
13249,1,1,2132,150545,900,5405,504,20
13258,7,7,2096,50025,500,2500,171,115
13275,1,1,2131,150561,1500,5601,194,20
13288,15,15,2324,40065,400,6500,87,186
13291,1,1,2136,40017,400,1700,87,20
13299,15,15,2140,150552,1500,5502,169,191
13307,1,1,2140,150534,1500,5304,100001,20
13308,1,1,2136,40017,400,1700,87,20
13312,13,13,2316,230124,2300,12400,100006,181
13313,1,1,2212,150547,1500,5407,493,20
13314,13,13,2296,230124,2300,12400,100006,182
13315,13,13,2374,230124,2300,12400,100006,182
13317,13,13,2311,230124,2300,12400,100006,182
13318,13,13,2297,230124,2300,12400,100006,181
13324,2,2,2141,150546,1500,5406,434,35
13332,13,13,2314,230124,2300,12400,100006,182
13334,13,13,2296,230124,2300,12400,100006,182
13336,1,1,2140,150561,1500,5601,294,20
13341,13,13,2311,230124,2300,12400,100006,182
13342,1,1,2090,40016,400,1600,87,20
13344,1,1,2090,40016,400,1600,87,20
13346,1,1,2090,40016,400,1600,87,20
13348,13,13,2396,230124,2300,12400,100006,181
13351,13,13,2147,230124,2300,12400,100006,181
13353,13,13,2323,230124,2300,12400,100006,182
13354,1,1,2035,150545,900,5405,507,20
13355,13,13,2313,230124,2300,12400,100006,181
13356,13,13,2147,230124,2300,12400,100006,181
13373,15,15,2310,230124,2300,12400,100006,183
13385,1,1,2090,40016,400,1600,87,20
13397,15,15,2102,150552,1500,5502,169,191
13402,15,15,2086,40013,1300,1300,87,186
13407,15,15,2087,40014,400,1400,87,186
13420,1,1,2035,900342,900,3401,154,20
13421,15,15,2141,150552,1500,5502,140,191
13422,7,7,2020,600291,600,2901,87,115
13424,15,15,2140,150564,1500,5604,391,191
13426,1,1,2090,40016,400,1600,87,20
13436,2,2,2035,150546,1500,5406,426,35
13439,15,15,2236,600291,600,2901,87,191
13440,2,2,2035,150546,1500,5406,429,35
13446,2,2,2141,150551,1500,5501,131,35
13449,1,1,2141,150534,1500,5304,490,20
13453,1,1,2140,150534,1500,5304,497,20
13454,1,1,2141,150534,1500,5304,100003,20
13462,1,1,2035,900342,900,3401,290,20
13463,15,15,2102,150552,1500,5502,169,191
13498,1,1,2132,150572,1500,5703,541,20
13499,1,1,2132,150572,1500,5703,548,20
13502,8,8,2049,800322,800,3202,500,130
13503,9,9,2035,150552,1500,5502,142,145
13509,1,1,2102,150572,1500,5703,548,20
13511,1,1,2022,150545,900,5405,505,20
13514,7,7,2394,600291,600,2901,87,115
13522,1,1,2131,150547,1500,5407,516,20
13525,2,2,2102,150546,1500,5406,427,35
13528,7,7,2020,600291,600,2901,87,115
13531,1,1,2141,150547,1500,5407,555,20
13532,2,2,2132,150546,1500,5406,426,35
13549,15,15,2131,150552,1500,5502,531,191
13553,1,1,2132,150561,1500,5601,194,20
13560,2,2,2035,150546,1500,5406,431,35
13565,1,1,2213,150547,1500,5407,493,20
13574,1,1,2244,40052,400,5200,87,20
13584,1,1,2024,600294,600,2904,3,20
13585,15,15,2198,10010,100,100,87,191
13587,1,1,2154,20019,2400,1900,100009,20
13589,1,1,2131,150572,1500,5703,548,20
13591,1,1,2140,150545,900,5405,515,20
13592,1,1,2140,150545,900,5405,507,20
13597,2,2,2132,150546,1500,5406,427,35
13599,15,15,2330,210101,2100,10001,87,190
13605,1,1,2140,150561,1500,5601,202,20
13612,1,1,2132,150561,1500,5601,295,20
13614,2,2,2132,150546,1500,5406,435,35
13615,15,15,2331,630630,100,6300,501,189
13622,1,1,2141,150572,1500,5703,518,20
13626,11,11,2334,100111,100,11001,525,160
13628,15,15,2102,150552,1500,5502,58,191
13630,1,1,2136,40017,400,1700,87,20
13650,15,15,2050,11049,1100,4900,87,191
13654,1,1,2024,600294,600,2904,526,20
13672,15,15,2102,150552,1500,5502,169,191
13675,9,9,2228,190901,1900,9001,420,135
13679,1,1,2140,15057,1500,5700,407,20
13688,1,1,2035,150561,1500,5601,202,20
13695,1,1,2132,15057,1500,5700,190,20
13698,1,1,2017,80032,800,3200,500,20
13715,7,7,2181,40052,400,5200,87,115
13716,1,1,2333,14048,1400,4800,87,20
13724,1,1,2132,150547,1500,5407,555,20
13734,1,1,2131,150552,1500,5502,689,20
13736,15,15,2312,230124,2300,12400,100006,183
13738,7,7,2020,17058,1700,5801,87,115
13751,2,17,2045,800321,800,3201,526,35
13762,15,15,2035,150552,1500,5502,140,191
13763,1,1,2132,150534,1500,5304,490,20
13770,1,1,2132,150545,900,5405,515,20
13772,1,1,2035,150572,1500,5703,547,20
13773,1,1,2035,900342,900,3401,154,20
13774,1,1,2035,150534,1500,5304,450,20
13776,1,1,2041,40052,400,5200,3,20
13777,1,1,2351,40052,400,5200,203,20
13792,1,1,2102,150547,1500,5407,494,20
13793,1,1,2177,600301,600,3001,87,20
13795,1,1,2285,60032,600,5900,87,20
13800,15,15,2132,150552,1500,5502,140,191
13801,2,2,2141,150536,1500,5306,513,35
13804,1,1,2141,150572,1500,5703,543,20
13806,1,1,2090,40016,400,1600,87,20
13810,2,2,2102,150546,1500,5406,429,35
13821,2,2,2141,150546,1500,5406,436,35
13826,9,9,2228,190901,1900,9001,420,135
13827,7,7,2046,13045,1300,4500,87,115
13829,7,7,2171,60032,600,5900,87,115
13830,1,1,2003,600292,600,2902,87,20
13835,1,1,2240,150547,1500,5407,499,20
13836,1,1,2060,50025,500,2500,171,20
13837,1,1,2131,150534,1500,5304,497,20
13839,15,15,2140,150552,1500,5502,142,191
13843,1,1,2035,900342,900,3401,153,20
13848,7,7,2098,50025,500,2500,171,115
13853,1,1,2035,900342,900,3401,149,20
13857,1,1,2132,150547,1500,5407,552,20
13858,15,15,2140,150551,2401,15006,161,191
13866,1,1,2090,40016,400,1600,87,20
13869,1,1,2090,40016,400,1600,87,20
13871,1,1,2090,40016,400,1600,87,20
13878,2,2,2141,150546,1500,5406,435,35
13880,2,2,2035,150546,1500,5406,435,35
13889,1,1,2432,800321,800,3200,4,20
13894,1,1,2217,150534,1500,5304,526,20
13905,8,8,2049,800322,800,3202,500,130
13908,1,1,2335,50024,500,2400,171,20
13910,1,1,2141,150547,1500,5407,667,20
13912,1,1,2102,150551,1500,5501,678,20
13919,8,8,2049,800322,800,3202,500,130
13921,1,1,2035,15057,1500,5700,407,20
13923,1,1,2424,90033,900,3300,501,20
13925,1,1,2035,150545,900,5405,515,20
13926,1,1,2102,150534,1500,5304,491,20
13927,1,1,2090,40016,400,1600,87,20
13928,1,1,2141,150534,1500,5304,450,20
13929,1,1,2035,150545,900,5405,508,20
13933,1,1,2035,150572,1500,5703,545,20
13934,1,1,2102,150534,1500,5304,450,20
13938,15,15,2035,150552,1500,5502,140,191
13939,1,1,2102,150547,1500,5407,493,20
13948,1,1,2035,150545,900,5405,504,20
13950,7,7,2168,60032,600,5900,87,115
13952,1,1,2132,150534,1500,5304,459,20
13954,2,2,2035,150546,1500,5406,669,35
13957,1,1,2132,15057,1500,5700,407,20
13960,1,1,2022,150545,900,5405,507,20
13966,2,2,2140,150546,1500,5406,434,35
13968,7,7,2153,10036,1000,3600,100009,115
13972,1,1,2024,600294,600,2904,87,20
13974,1,1,2131,150551,1500,5501,702,20
13975,1,1,2132,15057,1500,5700,407,20
13981,1,1,2022,150545,900,5405,506,20
13983,15,15,2161,900355,1200,15012,100009,191
13989,7,7,2017,13046,1300,4600,87,115
13997,1,1,2132,150551,1500,5501,713,20
14011,9,9,2093,10010,100,100,87,135
14016,1,1,2140,150552,1500,5502,441,20
14017,1,1,2102,150552,1500,5502,439,20
14020,1,1,2035,150561,1500,5601,291,20
14022,1,1,2140,150561,1500,5601,291,20
14025,1,1,2131,150551,1500,5501,678,20
14027,1,1,2090,40016,400,1600,87,20
14032,7,7,2153,10036,1000,3600,100009,115
14034,1,1,2090,40016,400,1600,87,20
14035,1,1,2090,40016,400,1600,87,20
14039,1,1,2132,150552,1500,5502,439,20
14040,2,2,2140,150552,1500,5502,523,35
14043,1,1,2141,150547,1500,5407,516,20
14046,1,1,2035,150547,1500,5407,493,20
14050,1,1,2240,150545,900,5405,507,20
14051,1,1,2132,150561,1500,5601,312,20
14054,1,1,2132,150534,1500,5304,100002,20
14056,9,9,2145,150552,1500,5502,142,145
14058,2,2,2141,150546,1500,5406,429,35
14068,15,15,2140,150552,1500,5502,512,191
14073,15,15,2035,150564,1500,5604,388,191
14076,1,1,2102,150547,1500,5407,667,20
14084,1,1,2090,40016,400,1600,87,20
14087,2,2,2102,150546,1500,5406,671,35
14089,2,2,2140,150546,1500,5406,671,35
14095,2,2,2145,150546,1500,5406,671,35
14097,1,1,2154,20019,2400,1900,100009,20
14098,2,2,2131,150546,1500,5406,435,35
14100,7,7,2279,600305,600,3005,87,115
14102,1,1,2132,150561,1500,5601,195,20
14103,2,2,2329,900356,1000,15013,567,35
14122,1,1,2003,800321,800,3201,500,20
14132,12,16,2147,23001,2300,12200,100005,175
14134,1,1,2132,150552,1500,5502,438,20
14136,15,15,2296,230124,2300,12400,100006,183
14138,2,2,2131,150546,1500,5406,429,35
14139,1,1,2136,40017,400,1700,87,20
14150,1,1,2132,150545,900,5405,507,20
14156,2,2,2132,150546,1500,5406,429,35
14158,14,14,2299,12041,1200,4100,100009,165
14160,14,14,2252,12043,1200,4300,100009,165
14169,1,1,2361,900354,2401,15010,397,20
14176,1,1,2102,150534,1500,5304,100002,20
14177,1,1,2416,900352,1500,5604,759,20
14179,1,1,2022,150545,900,5405,515,20
14195,1,1,2132,150561,1500,5601,314,20
14201,1,1,2035,150572,1500,5703,521,20
14208,1,1,2361,900354,2401,15010,397,20
14214,1,1,2132,150561,1500,5601,195,20
14215,2,2,2132,150546,1500,5406,432,35
14216,1,1,2035,150552,1500,5502,465,20
14218,15,15,2035,150564,1500,5604,385,191
14219,1,1,2232,150545,900,5405,507,20
14244,2,2,2132,150552,1500,5502,523,35
14255,15,15,2140,150564,1500,5604,386,191
14259,7,7,2015,60031,600,3100,87,115
14264,1,1,2132,150561,1500,5601,291,20
14265,2,2,2132,150546,1500,5406,432,35
14267,1,1,2132,150545,900,5405,515,20
14268,15,15,2143,13044,1300,4400,87,191
14270,7,7,2162,150551,1500,5501,89,115
14271,1,1,2131,150572,1500,5703,541,20
14273,1,1,2102,150547,1500,5407,516,20
14279,15,15,2049,630630,100,6300,501,90
14280,1,1,2102,150561,1500,5601,198,20
14283,15,15,2035,150551,1500,5501,289,191
14285,2,2,2132,150546,1500,5406,433,35
14287,8,8,2049,800322,800,3202,500,130
14289,1,1,2140,150572,1500,5703,540,20
14291,14,14,2299,12041,1200,4100,100009,165
14292,1,1,2361,15057,1500,5700,190,20
14302,2,2,2132,150546,1500,5406,426,35
14306,1,1,2132,150545,900,5405,507,20
14307,15,15,2234,10036,1000,3600,87,191
14312,7,7,2367,13045,1300,4500,87,115
14315,1,1,2090,40016,400,1600,87,20
14316,1,1,2090,40016,400,1600,87,20
14320,1,1,2090,40016,400,1600,87,20
14327,1,1,2132,150548,1500,5408,670,20
14328,1,1,2090,40016,400,1600,87,20
14330,12,16,2435,12012,2300,12100,100004,170
14331,1,1,2090,40016,400,1600,87,20
14336,2,2,2035,150546,1500,5406,434,35
14339,1,1,2035,900342,900,3401,152,20
14342,1,1,2022,150545,900,5405,503,20
14352,1,1,2136,40017,400,1700,87,20
14354,1,1,2363,40017,400,1700,87,20
14356,7,7,2190,13046,1300,4600,87,115
14358,1,1,2347,40052,400,5200,2,20
14359,13,13,2373,230124,2300,12400,100006,181
14361,1,1,2090,40016,400,1600,87,20
14362,1,1,2090,40016,400,1600,87,20
14369,15,15,2131,150552,1500,5502,512,191
14373,2,2,2141,150546,1500,5406,433,35
14377,13,13,2230,230124,2300,12400,100006,181
14385,15,15,2141,150564,1500,5604,391,191
14386,1,1,2140,150552,1500,5502,439,20
14387,1,1,2136,40017,400,1700,87,20
14388,1,1,2136,40017,400,1700,87,20
14392,1,1,2132,150534,1500,5304,449,20
14396,1,1,2102,150534,1500,5304,100001,20
14399,1,1,2140,150552,1500,5502,465,20
14401,1,1,2102,150547,1500,5407,494,20
14409,1,1,2035,150561,1500,5601,313,20
14414,1,1,2035,150545,900,5405,515,20
14416,2,2,2132,150546,1500,5406,426,35
14417,2,2,2102,150552,1500,5502,522,35
14422,1,1,2141,150572,1500,5703,521,20
14423,1,1,2102,150547,1500,5407,552,20
14425,11,11,2016,100111,100,11001,525,160
14427,11,11,2019,100111,100,11001,525,160
14432,1,1,2102,150534,1500,5304,448,20
14433,1,1,2132,150547,1500,5407,667,20
14437,7,7,2212,15003,1500,15003,87,115
14438,7,7,2212,15003,1500,15003,87,115
14439,15,15,2139,150552,1500,5502,140,191
14443,1,1,2035,150547,1500,5407,516,20
14444,2,2,2141,150546,1500,5406,671,35
14448,1,1,2136,40017,400,1700,87,20
14454,7,7,2132,90034,900,3400,686,115
14455,7,7,2147,90034,900,3400,686,115
14460,7,7,2148,40052,400,5200,87,115
14461,7,7,2361,90034,900,3400,686,115
14467,1,1,2140,150572,1500,5703,688,20
14468,1,1,2132,150572,1500,5703,688,20
14472,1,1,2035,150534,1500,5304,100001,20
14474,2,2,2140,150546,1500,5406,427,35
14479,1,1,2141,150572,1500,5703,520,20
14483,2,2,2132,150546,1500,5406,433,35
14484,1,1,2102,150561,1500,5601,294,20
14485,14,14,2003,12042,1200,4200,100009,165
14488,1,1,2092,15057,1500,5700,407,20
14490,7,7,2361,90034,900,3400,685,115
14491,2,2,2132,90034,900,3400,749,35
14494,1,1,2132,150547,1500,5407,493,20
14495,14,14,2300,12042,1200,4200,100009,165
14498,7,7,2140,90034,900,3400,685,115
14505,1,1,2132,150548,1500,5408,670,20
14507,1,1,2141,150572,1500,5703,687,20
14509,1,1,2140,150534,1500,5304,448,20
14516,1,1,2035,150572,1500,5703,687,20
14517,1,1,2140,150572,1500,5703,687,20
14518,1,1,2132,150572,1500,5703,687,20
14522,1,1,2141,150572,1500,5703,688,20
14527,1,1,2131,150572,1500,5703,688,20
14530,1,1,2090,40016,400,1600,87,20
14531,7,7,2092,90034,900,3400,685,115
14532,1,1,2131,150545,900,5405,504,20
14538,1,1,2090,40016,400,1600,87,20
14549,8,8,2049,800322,800,3202,500,130
14551,7,7,2132,90034,900,3400,685,115
14554,7,7,2329,90034,900,3400,685,115
14562,15,15,2371,100402,400,5000,87,191
14563,1,1,2102,150572,1500,5703,518,20
14565,15,15,2139,150551,2401,15006,161,191
14566,7,7,2147,90034,900,3400,685,115
14577,7,7,2092,90034,900,3400,685,115
14579,1,1,2132,150547,1500,5407,516,20
14584,15,15,2062,30023,300,2300,87,191
14585,7,7,2367,13045,1300,4500,87,115
14589,1,1,2069,500126,500,12600,203,20
14590,1,1,2140,150552,1500,5502,689,20
14591,1,1,2102,150552,1500,5502,689,20
14593,1,1,2035,150572,1500,5703,688,20
14595,1,1,2035,150534,1500,5304,490,20
14596,1,1,2132,150572,1500,5703,547,20
14597,15,15,2132,150551,1500,5501,89,191
14598,2,17,2003,800321,800,3201,526,35
14599,15,15,2188,40050,400,500,87,186
14600,1,1,2102,150572,1500,5703,687,20
14609,1,1,2141,150572,1500,5703,546,20
14610,2,2,2102,150546,1500,5406,431,35
14611,2,2,2329,90034,900,3400,749,35
14618,1,1,2132,15057,1500,5700,691,20
14629,1,1,2132,150545,900,5405,507,20
14630,7,7,2139,90034,900,3400,685,115
14632,13,13,2138,230124,2300,12400,100006,181
14634,15,15,2321,230124,2300,12400,100006,183
14635,1,1,2140,150547,1500,5407,495,20
14637,1,1,2141,150134,1500,13400,694,20
14645,1,1,2141,150134,1500,13400,684,20
14660,1,1,2140,150551,1500,5501,678,20
14661,1,1,2141,150551,1500,5501,678,20
14662,1,1,2132,150551,1500,5501,678,20
14664,15,15,2132,150564,1500,5604,403,191
14665,15,15,2131,150564,1500,5604,386,191
14671,15,15,2050,30021,2200,2100,87,191
14682,1,1,2035,150552,1500,5502,158,20
14685,7,7,2292,15003,1500,15003,87,115
14689,1,1,2035,150545,900,5405,507,20
14693,15,15,2155,600303,600,3003,87,191
14695,1,1,2102,150561,1500,5601,311,20
14697,1,1,2075,15002,1500,15002,203,20
14698,1,1,2049,150547,1500,5407,499,20
14700,1,1,2140,900354,2401,15010,108,20
14705,9,9,2113,50024,500,2400,171,145
14708,1,1,2102,150534,1500,5304,491,20
14709,1,1,2140,150548,1500,5408,696,20
14716,1,1,2058,40017,400,1700,87,20
14723,7,7,2344,40052,400,5200,87,115
14726,1,1,2102,150561,1500,5601,314,20
14728,2,2,2215,150546,1500,5406,671,35
14732,1,1,2102,150552,1500,5502,697,20
14733,1,1,2035,150552,1500,5502,697,20
14735,1,1,2141,150552,1500,5502,439,20
14738,1,1,2147,11049,1100,4900,87,20
14741,1,1,2029,600292,600,2902,87,20
14743,1,1,2035,150572,1500,5703,545,20
14744,1,1,2141,150552,1500,5502,697,20
14753,2,2,2102,150546,1500,5406,433,35
14757,1,1,2131,150561,1500,5601,313,20
14764,13,13,2147,230124,2300,12400,100006,181
14768,1,1,2140,150552,1500,5502,690,20
14770,2,2,2132,150548,1500,5408,695,35
14771,7,7,2138,10035,1000,3500,87,115
14772,1,1,2090,40016,400,1600,87,20
14774,1,1,2132,150547,1500,5407,554,20
14777,1,1,2035,150561,1500,5601,197,20
14778,1,1,2132,150534,1500,5304,459,20
14785,2,2,2132,150546,1500,5406,427,35
14788,2,2,2035,150546,1500,5406,671,35
14789,1,1,2132,150534,1500,5304,448,20
14792,15,15,2132,150564,1500,5604,391,191
14795,7,7,2017,40061,2000,6201,87,115
14796,1,1,2102,150548,1500,5408,670,20
14801,15,15,2102,150552,1500,5502,169,191
14802,1,1,2138,15057,1500,5700,407,20
14803,7,7,2217,15003,1500,15003,87,115
14805,1,1,2131,150552,1500,5502,697,20
14811,15,15,2155,600303,600,3003,87,191
14813,2,2,2035,150548,1500,5408,695,35
14818,1,1,2132,150534,1500,5304,448,20
14823,1,1,2140,150545,900,5405,506,20
14834,7,7,2022,60030,600,3000,87,115
14836,1,1,2132,150572,1500,5703,547,20
14843,2,2,2132,150548,1500,5408,695,35
14844,1,1,2131,150134,1500,13400,684,20
14845,1,1,2141,150572,1500,5703,548,20
14846,2,2,2140,150548,1500,5408,698,35
14848,1,1,2140,150551,1500,5501,702,20
14849,1,1,2132,150551,1500,5501,702,20
14851,1,1,2035,150551,1500,5501,702,20
14852,14,14,2302,12041,1200,4100,100009,165
14853,2,2,2145,150546,1500,5406,671,35
14854,2,2,2131,150552,1500,5502,523,35
14857,7,7,2138,10035,1000,3500,87,115
14858,1,1,2333,14048,1400,4800,87,20
14864,1,1,2140,150542,1500,5402,674,20
14865,1,1,2131,150552,1500,5502,726,20
14866,1,1,2035,150551,2401,15006,678,20
14868,15,15,2132,150552,1500,5502,8,191
14869,1,1,2132,150547,1500,5407,554,20
14870,1,1,2140,150552,1500,5502,748,20
14874,7,7,2369,20020,200,2000,87,115
14876,9,9,2138,10010,100,100,87,145
14877,7,7,2097,50025,500,2500,171,115
14878,1,1,2141,150552,1500,5502,690,20
14885,1,1,2141,150542,1500,5402,674,20
14890,9,9,2228,190901,1900,9001,420,135
14899,1,1,2102,150534,1500,5304,459,20
14900,15,15,2102,150564,1500,5604,403,191
14901,1,1,2177,600301,600,3001,87,20
14904,1,1,2132,150565,1500,5605,701,20
14905,1,1,2145,150565,1500,5605,701,20
14906,1,1,2102,150565,1500,5605,701,20
14907,1,1,2139,150565,1500,5605,701,20
14909,1,1,2140,150565,1500,5605,701,20
14912,1,1,2035,150547,1500,5407,552,20
14919,1,1,2140,150534,1500,5304,100002,20
14926,1,1,2102,150572,1500,5703,688,20
14927,7,7,2156,60029,600,2900,87,115
14928,1,1,2035,900342,900,3401,154,20
14930,7,7,2367,13045,1300,4500,87,115
14931,1,1,2141,150561,1500,5601,202,20
14933,15,15,2102,150552,1500,5502,8,191
14936,15,15,2035,150564,1500,5604,386,191
14941,1,1,2024,600294,600,2904,87,20
14943,13,13,2315,230124,2300,12400,100006,181
14945,1,1,2035,150545,900,5405,507,20
14952,2,2,2035,150552,1500,5502,522,35
14955,15,15,2156,60029,600,2900,87,191
14959,1,1,2141,150572,1500,5703,547,20
14962,1,1,2214,150534,1500,5304,526,20
14963,15,15,2145,150552,1500,5502,8,191
14965,2,2,2035,150546,1500,5406,436,35
14966,2,2,2102,150546,1500,5406,671,35
14967,7,7,2027,600291,600,2901,87,115
14970,7,7,2279,600305,600,3005,87,115
14971,1,1,2035,150547,1500,5407,516,20
14972,2,2,2132,150135,1500,13500,100008,35
14978,2,2,2102,150135,1500,13500,100008,35
14980,1,1,2063,600292,600,2902,87,20
14981,1,1,2138,150552,1500,5502,727,20
14982,9,9,2116,500136,500,13600,171,145
14987,1,1,2132,150552,1500,5502,438,20
14991,1,1,2154,20019,2400,1900,100009,20
14992,7,7,2132,150552,1500,5502,139,115
14993,1,1,2154,20019,2400,1900,100009,20
14997,7,7,2245,40052,400,5200,87,115
14998,7,7,2028,600292,600,2902,87,115
15004,1,1,2132,150547,1500,5407,553,20
15009,1,1,2132,150561,1500,5601,194,20
15011,2,2,2132,150546,1500,5406,430,35
15017,1,1,2399,150552,1500,5502,707,20
15021,1,1,2132,150547,1500,5407,493,20
15028,1,1,2132,150572,1500,5703,519,20
15029,1,1,2102,150534,1500,5304,448,20
15030,2,2,2131,150552,1500,5502,522,35
15031,1,1,2132,150547,1500,5407,552,20
15038,1,1,2132,150552,1500,5502,438,20
15041,15,15,2147,23001,2300,12200,100005,184
15043,1,1,2213,150572,1500,5703,518,20
15048,1,1,2141,150547,1500,5407,552,20
15050,2,2,2141,150552,1500,5502,712,35
15052,2,2,2140,150552,1500,5502,712,35
15056,2,2,2102,150552,1500,5502,712,35
15057,2,2,2131,150549,1500,5409,709,35
15058,2,2,2141,150546,1500,5406,432,35
15059,2,2,2102,150549,1500,5409,709,35
15065,2,2,2141,150549,1500,5409,709,35
15069,7,7,2182,40052,400,5200,87,115
15071,14,14,2300,12042,1200,4200,100009,165
15072,7,7,2173,60032,600,5900,87,115
15083,2,2,2132,150546,1500,5406,431,35
15084,7,7,2230,60032,600,5900,87,115
15087,1,1,2141,150551,1500,5501,713,20
15090,1,1,2242,40017,400,1700,87,20
15102,1,1,2035,150545,900,5405,506,20
15103,9,9,2228,190901,1900,9001,420,135
15109,1,1,2102,150547,1500,5407,553,20
15112,1,1,2141,150552,1500,5502,703,20
15115,1,1,2035,150547,1500,5407,552,20
15120,1,1,2132,150534,1500,5304,450,20
15121,1,1,2131,150533,1500,5303,681,20
15122,1,1,2132,150533,1500,5303,681,20
15123,1,1,2140,150533,1500,5303,681,20
15124,1,1,2102,150533,1500,5303,681,20
15127,1,1,2215,150534,1500,5304,526,20
15131,1,1,2102,150134,1500,13400,693,20
15132,1,1,2140,150134,1500,13400,692,20
15135,1,1,2035,150572,1500,5703,540,20
15136,7,7,2132,90034,900,3400,685,115
15138,1,1,2092,150552,1500,5502,726,20
15140,1,1,2132,150547,1500,5407,494,20
15144,1,1,2102,150565,1500,5605,715,20
15146,1,1,2092,15057,1500,5700,190,20
15152,2,2,2375,150548,1500,5408,698,35
15154,1,1,2140,150565,1500,5605,715,20
15157,1,1,2035,150552,1500,5502,441,20
15158,1,1,2139,150565,1500,5605,715,20
15159,11,11,2128,100112,100,11002,525,155
15160,11,11,2142,100112,100,11002,525,155
15161,1,1,2141,150547,1500,5407,553,20
15163,1,1,2035,150545,900,5405,507,20
15164,2,2,2329,90034,900,3400,751,35
15167,1,1,2102,150534,1500,5304,497,20
15172,1,1,2424,90033,900,3300,501,20
15174,1,1,2141,150534,1500,5304,491,20
15176,1,1,2131,150572,1500,5703,518,20
15181,7,7,2132,90034,900,3400,685,115
15185,15,15,2035,150551,2401,15006,413,191
15186,1,1,2214,150547,1500,5407,493,20
15188,2,2,2035,150546,1500,5406,431,35
15190,1,1,2102,150552,1500,5502,451,20
15191,2,2,2140,150549,1500,5409,709,35
15194,1,1,2092,150552,1500,5502,727,20
15196,1,1,2140,150552,1500,5502,703,20
15199,15,15,2092,150551,1500,5501,89,191
15211,1,1,2132,150552,2401,15007,748,20
15212,1,1,2035,150548,1500,5408,696,20
15213,2,2,2132,150548,1500,5408,698,35
15214,1,1,2132,150542,1500,5402,674,20
15216,1,1,2132,150561,1500,5601,292,20
15217,7,7,2148,40052,400,5200,87,115
15219,1,1,2131,150134,1500,13400,693,20
15223,1,1,2090,40016,400,1600,87,20
15224,1,1,2090,40016,400,1600,87,20
15226,1,1,2090,40016,400,1600,87,20
15229,1,1,2090,40016,400,1600,87,20
15231,1,1,2375,150552,1500,5502,706,20
15233,1,1,2035,150545,900,5405,507,20
15235,15,15,2035,150552,1500,5502,512,191
15237,1,1,2102,150547,1500,5407,555,20
15238,1,1,2399,150552,1500,5502,708,20
15241,7,7,2288,60030,600,3000,87,115
15243,2,2,2035,150548,1500,5408,698,35
15245,11,11,2203,100112,100,11002,525,155
15248,2,2,2132,150549,1500,5409,709,35
15252,7,7,2259,60029,600,2900,87,115
15265,2,2,2131,150548,1500,5408,719,35
15267,1,1,2131,150547,1500,5407,555,20
15276,1,1,2138,15057,1500,5700,407,20
15277,7,7,2389,10035,1000,3500,87,115
15278,1,1,2132,150545,900,5405,507,20
15281,11,11,2203,100112,100,11002,525,155
15285,7,7,2100,50025,500,2500,171,115
15287,7,7,2329,90034,900,3400,686,115
15289,1,1,2358,150545,900,5405,507,20
15290,9,9,2082,10030,100,300,87,145
15292,2,2,2131,150546,1500,5406,528,35
15293,2,2,2131,150546,1500,5406,669,35
15295,2,2,2132,150546,1500,5406,436,35
15300,1,1,2035,150552,1500,5502,690,20
15302,2,2,2131,150552,1500,5502,712,35
15304,1,1,2102,150552,1500,5502,690,20
15313,11,11,2203,100112,100,11002,525,155
15314,1,1,2140,150561,1500,5601,295,20
15316,11,11,2203,100112,100,11002,525,155
15324,1,1,2141,150134,1500,13400,693,20
15330,1,1,2131,150572,1500,5703,687,20
15332,13,13,2393,230124,2300,12400,100006,181
15336,1,1,2141,150551,1500,5501,716,20
15337,1,1,2090,40016,400,1600,87,20
15339,1,1,2140,150551,1500,5501,716,20
15342,1,1,2090,40016,400,1600,87,20
15345,2,2,2132,150135,1500,13500,100008,35
15349,13,13,2392,230124,2300,12400,100006,181
15350,11,11,2203,100112,100,11002,525,155
15351,11,11,2119,100112,100,11002,525,160
15353,2,2,2132,150546,1500,5406,434,35
15357,7,7,2097,50025,500,2500,171,115
15358,1,1,2249,150545,900,5405,507,20
15361,1,1,2132,150552,1500,5502,697,20
15362,11,11,2203,100112,100,11002,525,155
15363,1,1,2069,500130,500,13000,3,20
15364,1,1,2035,150534,1500,5304,459,20
15365,1,1,2035,150134,1500,13400,692,20
15367,11,11,2203,100112,100,11002,525,155
15369,11,11,2203,100112,100,11002,525,155
15370,1,1,2121,10035,1000,3500,87,20
15371,7,7,2395,100402,400,5000,87,115
15372,7,7,2265,100402,400,5000,87,115
15380,11,11,2203,100112,100,11002,525,155
15381,11,11,2203,100112,100,11002,525,155
15389,13,13,2392,230124,2300,12400,100006,181
15390,1,1,2036,800323,800,3203,500,20
15391,2,2,2140,150552,1500,5502,522,35
15392,15,15,2132,150551,2401,15006,161,191
15393,15,15,2035,150552,1500,5502,169,191
15396,1,1,2132,150561,1500,5601,202,20
15397,7,7,2376,10036,1000,3600,87,115
15399,1,1,2349,40052,400,5200,526,20
15400,15,15,2093,10010,100,100,87,191
15401,15,15,2093,10010,100,100,87,191
15405,11,11,2203,100112,100,11002,525,155
15408,11,11,2203,100112,100,11002,525,155
15409,1,1,2140,150547,1500,5407,516,20
15410,1,1,2131,150552,1500,5502,534,20
15412,2,2,2140,150551,1500,5501,131,35
15414,15,15,2164,150551,1500,5501,289,191
15417,1,1,2163,150545,900,5405,507,20
15419,1,1,2131,150572,1500,5703,545,20
15426,1,1,2003,800321,800,3201,500,20
15427,1,1,2138,11049,1100,4900,87,20
15429,1,1,2035,900343,900,3402,61,20
15430,1,1,2140,150534,1500,5304,100003,20
15432,1,1,2035,150561,1500,5601,198,20
15433,7,7,2039,400181,400,1801,87,115
15434,1,1,2035,150551,1500,5501,716,20
15436,1,1,2140,150552,1500,5502,727,20
15438,1,1,2134,150561,1500,5601,194,20
15439,2,2,2035,150548,1500,5408,695,35
15440,1,1,2132,150134,1500,13400,694,20
15444,1,1,2433,80032,800,3200,500,20
15446,2,2,2035,150549,1500,5409,709,35
15450,1,1,2090,40016,400,1600,87,20
15453,7,7,2413,400181,400,1801,87,115
15455,9,9,2132,150552,1500,5502,142,145
15456,1,1,2102,150551,1500,5501,716,20
15458,1,1,2090,40016,400,1600,87,20
15461,1,1,2090,40016,400,1600,87,20
15462,1,1,2283,10010,100,100,87,20
15463,1,1,2141,150547,1500,5407,554,20
15467,1,1,2003,90033,900,3300,501,20
15468,2,2,2140,150546,1500,5406,429,35
15469,1,1,2035,150545,900,5405,507,20
15471,2,2,2102,150548,1500,5408,718,35
15472,15,15,2132,150551,1500,5501,289,191
15475,1,1,2141,150552,1500,5502,727,20
15476,1,1,2035,150572,1500,5703,541,20
15478,7,7,2398,10036,1000,3600,100009,115
15497,15,15,2141,150551,2401,15006,413,191
15499,1,1,2131,150548,1500,5408,696,20
15501,2,2,2102,150546,1500,5406,435,35
15502,2,2,2132,150548,1500,5408,718,35
15504,7,7,2287,100402,400,5000,87,115
15506,1,1,2102,150547,1500,5407,554,20
15516,2,2,2132,150548,1500,5408,719,35
15518,1,1,2141,150548,1500,5408,696,20
15519,2,2,2132,150548,1500,5408,719,35
15520,2,2,2399,150549,1500,5409,710,35
15528,1,1,2131,150561,1500,5601,202,20
15529,7,7,2097,50025,500,2500,171,115
15530,1,1,2035,150561,1500,5601,198,20
15531,1,1,2035,150561,1500,5601,200,20
15532,1,1,2132,150545,900,5405,515,20
15533,2,2,2140,150546,1500,5406,527,35
15535,2,2,2102,150546,1500,5406,426,35
15536,1,1,2132,150548,1500,5408,696,20
15538,1,1,2131,150534,1500,5304,447,20
15539,2,2,2132,150546,1500,5406,428,35
15541,1,1,2035,150547,1500,5407,494,20
15542,1,1,2035,900342,900,3401,154,20
15544,1,1,2132,150552,1500,5502,690,20
15545,1,1,2140,150551,1500,5501,713,20
15550,15,15,2035,150552,1500,5502,167,191
15553,1,1,2131,150134,1500,13400,725,20
15556,1,1,2132,150134,1500,13400,725,20
15557,1,1,2140,150134,1500,13400,725,20
15560,1,1,2102,150134,1500,13400,725,20
15563,1,1,2132,150134,1500,13400,684,20
15565,1,1,2132,150572,1500,5703,548,20
15569,1,1,2131,150134,1500,13400,694,20
15573,2,2,2132,150551,1500,5501,131,35
15574,1,1,2132,150534,1500,5304,100003,20
15576,1,1,2102,150134,1500,13400,684,20
15580,1,1,2145,150551,1500,5501,713,20
15581,1,1,2035,150552,1500,5502,438,20
15583,1,1,2035,150545,900,5405,507,20
15584,7,7,2069,500128,500,12800,171,115
15585,1,1,2132,150552,1500,5502,697,20
15586,1,1,2140,150552,1500,5502,697,20
15588,1,1,2102,150551,1500,5501,713,20
15590,11,11,2203,100112,100,11002,525,155
15591,1,1,2131,150552,1500,5502,748,20
15592,1,1,2035,150552,1500,5502,748,20
15593,1,1,2092,150552,1500,5502,726,20
15598,1,1,2132,150552,1500,5502,726,20
15599,1,1,2368,150545,900,5405,507,20
15600,1,1,2136,40017,400,1700,87,20
15601,1,1,2090,40016,400,1600,87,20
15602,1,1,2090,40016,400,1600,87,20
15606,1,1,2132,150552,1500,5502,727,20
15607,1,1,2035,150134,1500,13400,725,20
15609,1,1,2090,40016,400,1600,87,20
15611,2,2,2102,150551,1500,5501,131,35
15615,1,1,2131,150547,1500,5407,552,20
15616,7,7,2230,60032,600,5900,87,115
15621,15,15,2132,150552,1500,5502,58,191
15624,1,1,2407,150545,900,5405,507,20
15629,1,1,2159,800324,800,3204,500,20
15633,7,7,2022,60030,600,3000,87,115
15635,1,1,2141,150552,1500,5502,726,20
15638,2,2,2131,150548,1500,5408,718,35
15639,2,2,2102,150552,1500,5502,523,35
15640,11,11,2203,100112,100,11002,525,155
15644,1,1,2035,150545,900,5405,503,20
15646,1,1,2132,150552,1500,5502,440,20
15647,1,1,2361,150548,1500,5408,407,20
15648,2,2,2131,150548,1500,5408,695,35
15649,8,8,2049,800322,800,3202,500,130
15651,1,1,2025,500136,500,13600,171,20
15652,2,2,2141,150548,1500,5408,719,35
15654,1,1,2132,150134,1500,13400,692,20
15655,2,2,2132,150546,1500,5406,527,35
15656,2,2,2035,150546,1500,5406,435,35
15657,2,2,2140,150546,1500,5406,2,35
15658,1,1,2132,150547,1500,5407,516,20
15659,1,1,2160,800324,800,3204,500,20
15663,15,15,2035,150564,1500,5604,391,191
15665,1,1,2140,150547,1500,5407,516,20
15666,1,1,2131,150547,1500,5407,554,20
15667,1,1,2102,150572,1500,5703,519,20
15668,1,1,2132,150561,1500,5601,310,20
15670,2,2,2140,150546,1500,5406,435,35
15672,1,1,2003,800321,800,3201,500,20
15673,1,1,2036,800323,800,3203,500,20
15674,1,1,2136,40017,400,1700,87,20
15675,1,1,2242,40017,400,1700,87,20
15676,7,7,2394,600291,600,2901,87,115
15677,1,1,2025,500125,500,12500,87,20
15679,1,1,2092,150547,1500,5407,499,20
15680,1,1,2381,100402,400,5000,87,20
15683,1,1,2003,800321,800,3201,500,20
15684,11,11,2203,100112,100,11002,525,155
15685,2,2,2035,150546,1500,5406,427,35
15686,2,2,2102,150546,1500,5406,435,35
15688,7,7,2099,50025,500,2500,87,115
15692,7,7,2394,600291,600,2901,87,115
15693,7,7,2022,60030,600,3000,87,115
15694,15,15,2155,600303,600,3003,87,191
15696,2,2,2035,150546,1500,5406,671,35
15698,7,7,2148,40052,400,5200,87,115
15699,1,1,2263,150545,900,5405,507,20
15700,1,1,2035,150545,900,5405,515,20
15701,1,1,2025,500130,500,13000,171,20
15710,1,1,2035,150547,1500,5407,494,20
15712,1,1,2035,150547,1500,5407,554,20
15713,9,9,2122,15001,1500,15001,87,145
15715,15,15,2102,150552,1500,5502,140,191
15716,1,1,2035,150552,1500,5502,439,20
15717,1,1,2040,800325,800,3205,2,20
15718,1,1,2035,150545,900,5405,506,20
15720,9,9,2364,190901,1900,9001,420,135
15724,14,14,2155,900355,1200,15012,100009,165
15725,2,2,2102,150546,1500,5406,432,35
15726,2,2,2035,150536,1500,5306,513,35
15727,1,1,2035,150134,1500,13400,694,20
15728,2,2,2132,150536,1500,5306,513,35
15731,2,2,2132,150548,1500,5408,719,35
15732,15,15,2402,70002,2400,1900,87,191
15733,1,1,2368,12043,1200,4300,100009,20
15736,1,1,2082,40015,400,1500,87,20
15737,1,1,2132,150551,1500,5501,678,20
15738,1,1,2035,150561,1500,5601,311,20
15739,9,9,2077,400181,400,1801,87,145
15742,1,1,2035,150534,1500,5304,449,20
15743,1,1,2003,800321,800,3201,500,20
15746,1,1,2011,600301,600,3001,87,20
15748,15,15,2139,100112,100,11002,525,187
15749,1,1,2090,40016,400,1600,87,20
15750,1,1,2090,40016,400,1600,87,20
15751,1,1,2090,40016,400,1600,87,20
15756,1,1,2280,150545,900,5405,507,20
15757,9,9,2403,900349,1300,4400,87,145
15758,2,2,2141,150546,1500,5406,430,35
15759,2,2,2140,150546,1500,5406,430,35
15761,9,9,2376,10036,1000,3600,87,145
15763,15,15,2132,150551,1500,5501,89,191
15764,7,7,2102,150552,1500,5502,142,115
15767,15,15,2035,150552,1500,5502,58,191
15770,1,1,2132,150542,1500,5402,674,20
15773,1,1,2102,150547,1500,5407,495,20
15775,1,1,2029,600292,600,2902,87,20
15777,1,1,2131,150565,1500,5605,715,20
15778,1,1,2035,150572,1500,5703,543,20
15779,1,1,2131,150551,1500,5501,716,20
15781,2,2,2141,150548,1500,5408,698,35
15783,1,1,2140,150547,1500,5407,552,20
15790,2,2,2140,150135,1500,13500,100008,35
15792,15,15,2132,150551,2401,15006,411,191
15794,1,1,2035,150545,900,5405,503,20
15796,9,9,2039,400181,400,1801,87,145
15798,10,10,2359,210101,2100,10001,501,150
15801,1,1,2003,800321,800,3201,500,20
15809,1,1,2131,150534,1500,5304,449,20
15810,9,9,2265,100402,400,5000,87,145
15811,7,7,2017,100402,400,5000,87,115
15814,14,14,2003,12042,1200,4200,100009,165
15815,14,14,2036,12042,1200,4200,100009,165
15818,1,1,2132,150534,1500,5304,491,20
15820,1,1,2141,150572,1500,5703,731,20
15822,14,14,2300,12042,1200,4200,100009,165
15824,1,1,2035,150572,1500,5703,731,20
15829,1,1,2132,150551,1500,5501,716,20
15831,15,15,2139,150551,2401,15006,732,191
15834,1,1,2102,150572,1500,5703,731,20
15836,1,1,2035,150547,1500,5407,495,20
15839,2,2,2141,150546,1500,5406,2,35
15843,1,1,2140,150551,1500,5501,733,20
15844,1,1,2102,150551,1500,5501,733,20
15845,1,1,2141,150551,1500,5501,733,20
15846,2,2,2140,150548,1500,5408,719,35
15848,15,15,2132,150551,2401,15006,732,191
15850,15,15,2132,150551,2401,15006,412,191
15851,1,1,2035,900343,900,3402,61,20
15852,15,15,2102,150551,2401,15006,732,191
15854,1,1,2035,150551,1500,5501,678,20
15857,1,1,2035,150551,1500,5501,733,20
15859,14,14,2299,12041,1200,4100,100009,165
15861,1,1,2141,150547,1500,5407,495,20
15862,1,1,2102,150572,1500,5703,521,20
15866,9,9,2376,10036,1000,3600,87,145
15872,14,14,2300,12042,1200,4200,100009,165
15875,1,1,2131,150547,1500,5407,495,20
15882,2,2,2140,150536,1500,5306,513,35
15883,1,1,2140,15057,1500,5700,190,20
15885,1,1,2102,150134,1500,13400,734,20
15886,1,1,2140,150134,1500,13400,734,20
15888,1,1,2035,150134,1500,13400,734,20
15889,1,1,2131,150548,1500,5408,670,20
15891,2,2,2132,150546,1500,5406,428,35
15893,1,1,2102,150561,1500,5601,199,20
15896,1,1,2141,150561,1500,5601,310,20
15898,1,1,2090,40016,400,1600,87,20
15900,1,1,2132,150551,1500,5501,733,20
15901,1,1,2131,150551,1500,5501,733,20
15903,9,9,2214,15003,1500,15003,87,145
15905,1,1,2132,150547,1500,5407,495,20
15906,7,7,2141,90034,900,3400,686,115
15907,15,15,2140,150564,1500,5604,392,191
15910,1,1,2035,150545,900,5405,508,20
15911,1,1,2200,50025,500,2500,171,20
15912,1,1,2132,150552,1500,5502,703,20
15917,1,1,2131,150134,1500,13400,734,20
15918,1,1,2132,150134,1500,13400,734,20
15919,2,2,2131,150548,1500,5408,698,35
15920,15,15,2131,150551,2401,15006,732,191
15924,1,1,2003,800321,800,3201,4,20
15930,7,7,2147,90034,900,3400,685,115
15932,1,1,2003,800321,800,3201,500,20
15933,1,1,2035,150545,900,5405,505,20
15934,1,1,2214,150572,1500,5703,518,20
15935,15,15,2132,150552,1500,5502,169,191
15936,1,1,2159,800324,800,3204,500,20
15937,2,2,2132,150548,1500,5408,695,35
15938,1,1,2102,150542,1500,5402,674,20
15941,9,9,2230,60032,600,5900,87,145
15942,1,1,2140,150534,1500,5304,447,20
15943,1,1,2154,20019,2400,1900,100009,20
15951,8,8,2049,800322,800,3202,500,130
15952,15,15,2035,150551,2401,15006,735,191
15955,1,1,2102,150551,2401,15006,678,20
15959,2,2,2140,150548,1500,5408,695,35
15960,2,2,2141,150135,1500,13500,100008,35
15961,1,1,2140,150572,1500,5703,520,20
15962,1,1,2215,150572,1500,5703,518,20
15965,1,1,2075,15002,1500,15002,3,20
15966,2,2,2132,150548,1500,5408,718,35
15968,1,1,2035,150533,1500,5303,681,20
15970,1,1,2035,900342,900,3401,151,20
15971,1,1,2102,150534,1500,5304,100003,20
15973,1,1,2165,50024,500,2400,171,20
15976,1,1,2035,150572,1500,5703,520,20
15978,1,1,2131,150552,1500,5502,440,20
15980,15,15,2132,150552,1500,5502,167,191
15981,9,9,2201,30061,300,6100,87,145
15982,15,15,2050,30021,2200,2100,87,191
15986,1,1,2360,160602,800,6002,87,20
15987,1,1,2420,160602,800,6002,87,20
15991,1,1,2131,150572,1500,5703,520,20
15995,1,1,2003,800321,800,3201,500,20
15997,1,1,2102,150572,1500,5703,540,20
15998,1,1,2140,150548,1500,5408,670,20
15999,2,2,2092,150548,1500,5408,695,35
16000,1,1,2011,600301,600,3001,87,20
16004,7,7,2096,50025,500,2500,171,115
16015,9,9,2168,60032,600,5900,87,145
16016,1,1,2132,900354,2401,15010,397,20
16017,9,9,2237,60029,600,2900,87,145
16020,1,1,2132,900354,2401,15010,397,20
16022,1,1,2406,900354,2401,15010,397,20
16023,1,1,2092,900354,2401,15010,397,20
16028,7,7,2092,40061,2000,6201,87,115
16031,1,1,2035,150541,1500,5401,27,20
16032,15,15,2145,150551,1500,5501,89,191
16033,1,1,2140,150572,1500,5703,747,20
16034,1,1,2035,150572,1500,5703,519,20
16035,1,1,2141,150134,1500,13400,750,20
16044,1,1,2141,150534,1500,5304,449,20
16045,1,1,2132,150134,1500,13400,694,20
16053,15,15,2139,150551,1500,5501,89,191
16054,15,15,2035,150551,1500,5501,89,191
16055,1,1,2217,150572,1500,5703,518,20
16057,9,9,2039,400181,400,1801,87,145
16058,9,9,2156,60029,600,2900,87,145
16059,2,17,2049,800322,800,3202,526,35
16063,1,1,2035,150534,1500,5304,497,20
16065,1,1,2327,40052,400,5200,87,20
16068,1,1,2102,150552,2401,15007,438,20
16070,7,7,2092,40061,2000,6201,87,115
16071,2,2,2132,150548,1500,5408,717,35
16075,1,1,2035,150545,900,5405,504,20
16076,2,2,2132,150546,1500,5406,429,35
16077,1,1,2348,40052,400,5200,2,20
16078,1,1,2003,800321,800,3201,2,20
16079,9,9,2051,30021,2200,2100,87,145
16083,1,1,2035,150552,1500,5502,158,20
16084,1,1,2035,900350,1500,15005,744,20
16085,1,1,2131,900350,1500,15005,744,20
16086,1,1,2035,900354,2401,15010,397,20
16087,1,1,2141,900350,1500,15005,744,20
16088,1,1,2140,900350,1500,15005,744,20
16089,1,1,2131,900350,1500,15005,743,20
16090,1,1,2140,900350,1500,15005,743,20
16092,1,1,2132,900350,1500,15005,744,20
16094,1,1,2035,150565,1500,5605,715,20
16095,2,2,2131,150546,1500,5406,434,35
16097,1,1,2069,500136,500,13600,742,20
16099,1,1,2132,150551,1500,5501,733,20
16100,11,11,2019,100111,100,11001,525,160
16105,1,1,2003,800321,800,3201,500,20
16113,1,1,2140,900354,2401,15010,397,20
16121,13,13,2296,230124,2300,12400,100006,180
16122,13,13,2296,230124,2300,12400,100006,180
16124,1,1,2140,150572,1500,5703,543,20
16128,1,1,2132,150572,1500,5703,543,20
16129,15,15,2035,150551,2401,15006,735,191
16130,1,1,2132,150134,1500,13400,734,20
16131,13,13,2296,230124,2300,12400,100006,180
16132,1,1,2132,150551,1500,5501,733,20
16136,1,1,2132,150134,1500,13400,750,20
16137,9,9,2215,15003,1500,15003,87,145
16138,1,1,2132,900350,1500,15005,758,20
16139,1,1,2140,150134,1500,13400,693,20
16141,1,1,2140,900350,1500,15005,742,20
16142,1,1,2131,150534,1500,5304,448,20
16144,1,1,2360,160602,800,6002,87,20
16145,9,9,2210,160602,800,6002,87,145
16148,9,9,2022,100402,400,5000,87,145
16149,9,9,2138,100402,400,5000,87,145
16152,15,15,2141,150564,1500,5604,386,191
16154,1,1,2035,900343,900,3402,62,20
16159,9,9,2215,15003,1500,15003,87,145
16160,1,1,2035,150542,1500,5402,674,20
16161,1,1,2216,150547,1500,5407,493,20
16162,7,7,2098,50025,500,2500,87,115
16166,2,2,2132,150552,1500,5502,746,35
16167,2,2,2131,150552,1500,5502,746,35
16168,2,2,2035,150552,1500,5502,746,35
16169,1,1,2139,15057,1500,5700,407,20
16170,2,2,2102,150552,1500,5502,746,35
16171,2,2,2140,150552,1500,5502,746,35
16175,1,1,2215,150547,1500,5407,493,20
16177,1,1,2141,900350,1500,15005,743,20
16182,1,1,2132,150572,1500,5703,731,20
16184,15,15,2102,150551,1500,5501,384,191
16185,9,9,2104,60030,600,3000,87,145
16186,1,1,2011,600301,600,3001,87,20
16187,1,1,2035,900342,900,3401,154,20
16188,1,1,2141,900350,1500,15005,742,20
16191,1,1,2025,500128,500,12800,171,20
16192,1,1,2140,150572,1500,5703,546,20
16194,9,9,2350,40052,400,5200,87,145
16196,9,9,2015,60031,600,3100,87,145
16198,14,14,2299,12041,1200,4100,100009,165
16199,9,9,2239,600305,600,3005,87,145
16204,1,1,2090,40016,400,1600,87,20
16207,1,1,2036,800323,800,3203,500,20
16208,15,15,2035,150551,2401,15006,411,191
16209,15,15,2035,150551,1500,5501,384,191
16211,1,1,2090,40016,400,1600,87,20
16215,1,1,2090,40016,400,1600,87,20
16216,13,13,2373,230124,2300,12400,100006,181
16218,1,1,2075,900350,1500,15005,743,20
16220,1,1,2035,150561,1500,5601,310,20
16222,1,1,2102,150572,1500,5703,543,20
16225,1,1,2069,500126,500,12600,518,20
16227,9,9,2015,60031,600,3100,87,145
16228,1,1,2132,150572,1500,5703,747,20
16230,1,1,2102,150572,1500,5703,747,20
16231,7,7,2092,90034,900,3400,685,115
16237,1,1,2138,150552,1500,5502,726,20
16238,7,7,2101,50025,500,2500,171,115
16239,14,14,2299,12041,1200,4100,100009,165
16241,1,1,2102,900350,1500,15005,744,20
16242,1,1,2069,500136,500,13600,718,20
16243,1,1,2025,500128,500,12800,171,20
16245,15,15,2131,150551,1500,5501,89,191
16246,2,2,2131,150546,1500,5406,427,35
16247,1,1,2131,150572,1500,5703,747,20
16249,1,1,2132,150547,1500,5407,552,20
16252,2,2,2035,150548,1500,5408,719,35
16253,1,1,2132,900350,1500,15005,743,20
16254,1,1,2035,150552,1500,5502,451,20
16255,1,1,2102,900350,1500,15005,742,20
16256,2,2,2035,150548,1500,5408,718,35
16257,11,11,2128,100112,100,11002,525,155
16259,8,8,2368,800322,800,3202,500,130
16260,1,1,2132,900350,1500,15005,742,20
16263,1,1,2141,150552,1500,5502,748,20
16266,1,1,2131,150572,1500,5703,731,20
16271,15,15,2102,150551,1500,5501,289,191
16272,1,1,2132,150552,1500,5502,748,20
16275,1,1,2132,150561,1500,5601,313,20
16276,9,9,2390,400181,400,1801,87,145
16280,1,1,2102,150552,1500,5502,748,20
16282,1,1,2102,150572,1500,5703,520,20
16284,9,9,2239,600305,600,3005,87,145
16285,2,2,2140,150546,1500,5406,428,35
16286,12,12,2426,23001,2300,12200,100007,171
16287,9,9,2265,100402,400,5000,87,145
16288,9,9,2017,20019,2400,1900,87,145
16289,2,2,2140,150546,1500,5406,528,35
16290,2,2,2035,150135,1500,13500,100008,35
16291,1,1,2131,150547,1500,5407,553,20
16292,9,9,2404,190901,1900,9001,420,145
16294,2,2,2140,150546,1500,5406,433,35
16295,1,1,2140,150545,900,5405,505,20
16296,1,1,2140,150545,900,5405,503,20
16300,1,1,2132,900350,1500,15005,742,20
16301,1,1,2353,150547,1500,5407,499,20
16302,1,1,2132,150572,1500,5703,731,20
16304,1,1,2069,500126,500,12600,493,20
16305,2,2,2140,150548,1500,5408,695,35
16310,1,1,2132,150572,1500,5703,541,20
16313,1,1,2216,900350,1500,15005,742,20
16314,15,15,2092,150551,1500,5501,89,191
16315,1,1,2132,150551,1500,5501,713,20
16316,2,2,2140,150546,1500,5406,669,35
16317,1,1,2140,150547,1500,5407,494,20
16318,1,1,2132,150547,1500,5407,493,20
16319,1,1,2035,900342,900,3401,154,20
16320,2,2,2092,90034,900,3400,751,35
16321,1,1,2045,90033,900,3300,501,20
16322,1,1,2035,90034,900,3400,749,20
16323,2,2,2092,90034,900,3400,749,35
16326,2,2,2139,90034,900,3400,751,35
16327,2,2,2147,90034,900,3400,749,35
16328,2,2,2140,90034,900,3400,751,35
16329,2,2,2139,90034,900,3400,749,35
16330,2,2,2147,90034,900,3400,749,35
16331,2,2,2361,90034,900,3400,749,35
16332,2,2,2140,90034,900,3400,749,35
16333,2,2,2132,90034,900,3400,749,35
16334,2,2,2132,90034,900,3400,749,35
16336,12,12,2147,23001,2300,12200,100005,175
16338,1,1,2131,150565,1500,5605,701,20
16340,1,1,2131,150134,1500,13400,692,20
16341,1,1,2141,150134,1500,13400,725,20
16342,1,1,2035,150134,1500,13400,684,20
16343,7,7,2096,50025,500,2500,171,115
16344,9,9,2156,60029,600,2900,87,145
16345,1,1,2132,150545,900,5405,503,20
16347,2,2,2361,90034,900,3400,751,35
16348,9,9,2022,12043,1200,4300,100009,145
16350,2,2,2092,90034,900,3400,749,35
16351,2,2,2132,150546,1500,5406,2,35
16352,2,2,2132,90034,900,3400,749,35
16353,1,1,2035,900342,900,3401,149,20
16354,2,2,2092,90034,900,3400,749,35
16355,1,1,2132,150134,1500,13400,693,20
16358,1,1,2102,150572,1500,5703,541,20
16360,9,9,2051,600307,600,3007,87,145
16364,9,9,2022,60030,600,3000,87,145
16366,2,2,2132,90034,900,3400,751,35
16367,1,1,2272,500127,500,12700,87,20
16368,2,2,2132,90034,900,3400,751,35
16371,15,15,2132,150551,1500,5501,89,191
16372,1,1,2132,150552,1500,5502,439,20
16375,2,2,2132,90034,900,3400,749,35
16376,1,1,2102,150552,1500,5502,438,20
16377,1,1,2132,150572,1500,5703,543,20
16378,7,7,2132,90034,900,3400,685,115
16380,9,9,2047,70001,700,7001,100010,145
16381,14,14,2299,12041,1200,4100,100009,165
16383,1,1,2106,40016,400,1600,87,20
16385,2,2,2132,150548,1500,5408,718,35
16386,2,2,2131,150536,1500,5306,513,35
16388,1,1,2132,150545,900,5405,505,20
16390,2,2,2132,90034,900,3400,751,35
16391,15,15,2035,150551,2401,15006,732,191
16392,15,15,2132,150551,1500,5501,384,191
16393,1,1,2122,900350,1500,15005,743,20
16394,1,1,2132,150572,1500,5703,687,20
16395,1,1,2132,150572,1500,5703,545,20
16396,1,1,2132,150572,1500,5703,521,20
16398,2,2,2102,150546,1500,5406,426,35
16399,2,2,2131,150546,1500,5406,430,35
16402,1,1,2132,150572,1500,5703,520,20
16403,1,1,2132,150561,1500,5601,314,20
16404,1,1,2102,150534,1500,5304,449,20
16405,14,14,2252,900355,1200,15012,100009,165
16406,1,1,2049,800322,800,3202,4,20
16407,2,2,2140,150546,1500,5406,436,35
16409,2,2,2140,150548,1500,5408,717,35
16410,7,7,2132,90034,900,3400,685,115
16413,15,15,2141,150551,2401,15006,732,191
16414,1,1,2102,150551,1500,5501,702,20
16419,7,7,2039,400181,400,1801,87,115
16421,1,1,2131,150552,1500,5502,690,20
16422,1,1,2102,150542,1500,5402,209,20
16423,1,1,2151,40016,400,1600,87,20
16424,11,11,2203,100112,100,11002,525,155
16426,1,1,2132,150572,1500,5703,747,20
16428,1,1,2131,150134,1500,13400,750,20
16430,1,1,2035,150134,1500,13400,750,20
16431,11,11,2203,100112,100,11002,525,155
16432,11,11,2203,100112,100,11002,525,155
16433,11,11,2203,100112,100,11002,525,155
16434,11,11,2203,100112,100,11002,525,155
16435,11,11,2203,100112,100,11002,525,155
16436,11,11,2203,100112,100,11002,525,155
16438,11,11,2203,100112,100,11002,525,155
16439,11,11,2203,100112,100,11002,525,155
16440,11,11,2203,100112,100,11002,525,155
16441,11,11,2203,100112,100,11002,525,155
16442,7,7,2095,50025,500,2500,171,115
16443,1,1,2102,150561,1500,5601,291,20
16445,1,1,2132,150572,1500,5703,518,20
16447,1,1,2131,150572,1500,5703,521,20
16450,2,2,2132,150546,1500,5406,671,35
16451,1,1,2102,150545,900,5405,507,20
16452,1,1,2132,150545,900,5405,506,20
16453,2,2,2092,90034,900,3400,751,35
16454,7,7,2132,90034,900,3400,685,115
16455,1,1,2035,900343,900,3402,61,20
16457,2,2,2132,150552,1500,5502,522,35
16460,1,1,2035,150552,1500,5502,439,20
16461,1,1,2102,150548,1500,5408,670,20
16462,2,2,2132,150552,1500,5502,522,35
16464,1,1,2075,150547,1500,5407,493,20
16465,1,1,2102,150547,1500,5407,493,20
16466,15,15,2203,100112,100,11002,525,187
16467,14,14,2300,12042,1200,4200,100009,165
16470,2,2,2140,150546,1500,5406,671,35
16471,9,9,2050,11049,1100,4900,87,145
16472,1,1,2035,150534,1500,5304,100003,20
16473,1,1,2131,150534,1500,5304,447,20
16474,15,15,2131,150564,1500,5604,403,191
16475,1,1,2035,900350,1500,15005,744,20
16476,1,1,2102,900350,1500,15005,744,20
16477,2,2,2035,150546,1500,5406,527,35
16478,1,1,2132,150134,1500,13400,750,20
16479,2,2,2035,150548,1500,5408,717,35
16480,1,1,2035,900342,900,3401,150,20
16483,1,1,2035,900350,1500,15005,757,20
16484,1,1,2131,900350,1500,15005,757,20
16485,7,7,2132,90034,900,3400,686,115
16486,1,1,2131,900350,1500,15005,756,20
16487,1,1,2102,900350,1500,15005,758,20
16489,1,1,2035,900342,900,3401,152,20
16491,1,1,2132,150545,900,5405,504,20
16492,7,7,2046,13045,1300,4500,87,115
16493,15,15,2132,150564,1500,5604,392,191
16494,7,7,2095,50025,500,2500,171,115
16496,1,1,2102,150545,900,5405,505,20
16497,2,2,2132,150546,1500,5406,430,35
16498,1,1,2035,900343,900,3402,61,20
16500,2,2,2035,150135,1500,13500,100008,35
16501,2,2,2131,150135,1500,13500,100008,35
16502,1,1,2102,150552,1500,5502,441,20
16503,2,2,2132,753,1500,753,753,35
16504,15,15,2337,150551,1500,5501,89,191
16505,2,2,2102,753,1500,753,753,35
16507,2,2,2131,753,1500,753,753,35
16510,1,1,2132,900350,1500,15005,755,20
16511,1,1,2102,900350,1500,15005,754,20
16513,1,1,2003,800321,800,3201,500,20
16514,1,1,2045,800325,800,3205,500,20
16516,1,1,2131,150542,1500,5402,674,20
16517,1,1,2131,900350,1500,15005,755,20
16518,1,1,2131,900350,1500,15005,754,20
16519,1,1,2132,900350,1500,15005,754,20
16520,1,1,2132,900350,1500,15005,754,20
16521,1,1,2102,900350,1500,15005,755,20
16523,1,1,2065,20019,2400,1900,100009,20
16524,2,2,2035,150552,1500,5502,523,35
16525,1,1,2140,150547,1500,5407,553,20
16526,1,1,2035,900350,1500,15005,754,20
16531,1,1,2140,900350,1500,15005,758,20
16532,1,1,2140,900350,1500,15005,756,20
16533,1,1,2102,150534,1500,5304,448,20
16534,1,1,2132,900350,1500,15005,756,20
16535,1,1,2140,900350,1500,15005,757,20
16537,15,15,2035,150551,2401,15006,412,191
16538,1,1,2003,900343,900,3402,61,20
16539,9,9,2434,190901,1900,9001,420,135
16542,7,7,2132,90034,900,3400,685,115
16543,1,1,2132,900350,1500,15005,755,20
16544,1,1,2141,760,1500,5603,760,20
16545,1,1,2132,760,1500,5603,760,20
16546,1,1,2140,760,1500,5603,760,20
16547,1,1,2102,760,1500,5603,760,20
16548,2,2,2132,150546,1500,5406,431,35
16550,2,2,2141,150546,1500,5406,427,35
16551,1,1,2035,760,1500,5603,760,20
16553,1,1,2131,760,1500,5603,760,20
16555,1,1,2092,150552,1500,5502,727,20
16556,1,1,2132,150561,1500,5601,202,20
16558,1,1,2132,150561,1500,5601,201,20
16559,1,1,2035,900350,1500,15005,755,20
16560,1,1,2131,900350,1500,15005,758,20
16562,1,1,2102,900350,1500,15005,756,20
16563,1,1,2140,150134,1500,13400,684,20
16564,11,11,2126,100112,100,11002,525,155
16565,9,9,2026,11049,1100,4900,87,145
16567,2,2,2035,150546,1500,5406,432,35
16568,1,1,2140,900350,1500,15005,754,20
16569,15,15,2102,150552,1500,5502,168,191
16570,1,1,2102,150552,1500,5502,465,20
16573,1,1,2140,150134,1500,13400,750,20
16574,2,2,2132,150548,1500,5408,717,35
16575,1,1,2035,900342,900,3401,154,20
16576,1,1,2132,760,1500,5603,760,20
16577,1,1,2035,150552,1500,5502,726,20
16578,1,1,2102,150572,1500,5703,545,20
16579,1,1,2132,150565,1500,5605,701,20
16580,14,14,2299,12041,1200,4100,100009,165
16581,11,11,2203,100112,100,11002,525,155
16582,1,1,2003,600292,600,2902,87,20
16583,1,1,2003,600292,600,2902,87,20
16584,7,7,2413,400181,400,1801,87,115
16585,1,1,2035,150572,1500,5703,747,20
16586,1,1,2140,900350,1500,15005,755,20
16587,2,2,2132,90034,900,3400,749,35
16588,1,1,2035,150545,900,5405,507,20
16589,1,1,2102,150547,1500,5407,667,20
16592,2,2,2035,150546,1500,5406,433,35
16594,15,15,2132,150551,1500,5501,289,191
16596,2,2,2132,90034,900,3400,751,35
16597,14,14,2299,12041,1200,4100,100009,165
16598,1,1,2132,900350,1500,15005,757,20
16599,2,2,2035,753,1500,753,753,35
16600,1,1,2140,150547,1500,5407,667,20
16605,1,1,2132,900350,1500,15005,757,20
16606,2,2,2132,753,1500,753,753,35
16607,1,1,2141,900350,1500,15005,755,20
16609,2,2,2102,150548,1500,5408,719,35
16612,1,1,2102,900351,1500,5301,762,20
16614,1,1,2132,900351,1500,5301,762,20
16615,1,1,2140,900351,1500,5301,762,20
16616,13,13,2289,230124,2300,12400,100006,181
16617,1,1,2145,150565,1500,5605,715,20
16618,1,1,2132,150551,1500,5501,716,20
16619,1,1,2132,150534,1500,5304,100002,20
16620,15,15,2141,150551,2401,15006,161,191
16621,1,1,2035,150551,1500,5501,713,20
16625,1,1,2141,150565,1500,5605,715,20
16626,2,2,2131,150546,1500,5406,426,35
16627,1,1,2035,150545,900,5405,507,20
16628,12,12,2372,23001,2300,12200,100007,171
16629,12,12,2147,23001,2300,12200,100007,171
16632,12,12,2296,23001,2300,12200,100007,171
16634,7,7,2326,600292,600,2902,87,115
16635,12,12,2296,23001,2300,12200,100007,171
16636,1,1,2003,800321,800,3201,500,20
16639,1,1,2141,150561,1500,5601,194,20
16640,7,7,2028,600292,600,2902,87,115
16641,2,2,2140,150548,2401,15008,766,35
16642,2,2,2132,150548,2401,15008,766,35
16644,2,2,2132,150548,2401,15008,766,35
16645,15,15,2155,600303,600,3003,87,191
16646,1,1,2305,500125,500,12500,87,20
16647,1,1,2132,150534,1500,5304,447,20
16648,1,1,2141,900350,1500,15005,754,20
16649,1,1,2132,150547,1500,5407,495,20
16650,1,1,2154,900350,2400,1900,742,20
16653,2,2,2141,150552,1500,5502,761,35
16654,2,2,2131,150552,1500,5502,761,35
16655,2,2,2145,150552,1500,5502,761,35
16656,2,2,2035,150552,1500,5502,761,35
16657,7,7,2394,600291,600,2901,87,115
16658,2,2,2132,150546,1500,5406,435,35
16659,1,1,2422,90033,900,3300,501,20
16660,1,1,2090,40016,400,1600,87,20
16661,1,1,2132,150572,1500,5703,540,20
16662,1,1,2035,150552,1500,5502,440,20
16663,1,1,2090,40016,400,1600,87,20
16664,1,1,2090,40016,400,1600,87,20
16665,1,1,2131,150552,1500,5502,727,20
16666,1,1,2140,150534,1500,5304,100002,20
16667,1,1,2090,40016,400,1600,87,20
16669,1,1,2090,40016,400,1600,87,20
16670,1,1,2141,900350,1500,15005,756,20
16671,1,1,2141,900350,1500,15005,758,20
16673,14,14,2003,12042,1200,4200,100009,165
16674,1,1,2035,150548,1500,5408,670,20
16675,12,12,2410,23001,2300,12200,100007,171
16676,2,2,2132,150546,1500,5406,432,35
16677,12,12,2410,23001,2300,12200,100007,171
16679,1,1,2035,150547,1500,5407,667,20
16681,14,14,2300,12042,1200,4200,100009,165
16682,15,15,2140,150564,1500,5604,403,191
16683,1,1,2132,150547,1500,5407,494,20
16684,1,1,2132,150547,1500,5407,553,20
16685,14,14,2300,12042,1200,4200,100009,165
16686,7,7,2178,60029,600,2900,87,115
16688,7,7,2367,13045,1300,4500,87,115
16691,7,7,2132,90034,900,3400,686,115
16692,2,2,2131,150546,1500,5406,432,35
16693,2,2,2132,150546,1500,5406,435,35
16695,2,2,2141,753,1500,753,753,35
16696,1,1,2035,150552,1500,5502,727,20
16699,7,7,2132,90034,900,3400,685,115
16700,1,1,2132,150561,1500,5601,200,20
16702,1,1,2102,150548,1500,5408,696,20
16703,1,1,2131,150561,1500,5601,310,20
16704,12,12,2311,23001,2300,12200,100007,171
16705,12,12,2311,23001,2300,12200,100007,171
16706,11,11,2203,100112,100,11002,525,155
16707,1,1,2140,150547,1500,5407,554,20
16708,1,1,2024,600294,600,2904,87,20
16709,9,9,2239,600305,600,3005,87,145
16710,1,1,2140,150572,1500,5703,731,20
16712,1,1,2132,150134,1500,13400,725,20
16714,12,12,2415,23001,2300,12200,100007,171
16716,11,11,2203,100112,100,11002,525,155
16717,1,1,2132,150572,1500,5703,546,20
16719,1,1,2132,900354,2401,15010,763,20
16720,1,1,2092,900354,2401,15010,763,20
16722,1,1,2035,900354,2401,15010,763,20
16723,1,1,2140,900354,2401,15010,763,20
16724,1,1,2035,150547,1500,5407,667,20
16725,1,1,2138,900354,2401,15010,763,20
16726,15,15,2141,150564,1500,5604,392,191
16727,1,1,2102,150534,1500,5304,100003,20
16728,9,9,2417,400181,400,1801,87,145
16729,7,7,2181,40052,400,5200,87,115
16731,7,7,2394,600291,600,2901,87,115
16732,7,7,2039,400181,400,1801,87,115
16733,15,15,2102,150552,2401,15007,512,191
16734,1,1,2140,150551,2401,15006,767,20
16736,1,1,2102,150551,2401,15006,767,20
16737,1,1,2406,900354,2401,15010,763,20
16738,1,1,2132,150545,900,5405,507,20
16740,2,2,2141,150548,2401,15008,766,35
16741,1,1,2035,150545,900,5405,507,20
16743,15,15,2140,150551,1500,5501,732,191
16744,15,15,2035,150551,2401,15006,412,191
16745,7,7,2132,90034,900,3400,686,115
16746,1,1,2141,150533,1500,5303,681,20
16747,15,15,2102,150551,1500,5501,289,191
16749,8,8,2049,800322,800,3202,500,130
16750,1,1,2140,150561,1500,5601,292,20
16753,7,7,2092,90034,900,3400,686,115
16755,9,9,2015,60031,600,3100,87,145
16756,10,10,2270,210101,2100,10001,501,150
16757,1,1,2132,900351,1500,5301,762,20
16758,1,1,2141,150134,1500,13400,734,20
16759,1,1,2368,90033,900,3300,501,20
16761,2,2,2132,150546,1500,5406,434,35
16762,15,15,2035,150551,1500,5501,411,191
16763,1,1,2102,150134,1500,13400,750,20
16764,1,1,2132,900350,1500,15005,744,20
16765,1,1,2035,900350,1500,15005,743,20
16766,1,1,2140,900350,1500,15005,757,20
16769,12,12,2315,23001,2300,12200,100007,171
16770,1,1,2132,900354,2401,15010,763,20
16771,1,1,2361,900354,2401,15010,763,20
16772,1,1,2361,900354,2401,15010,763,20
16773,1,1,2092,900354,2401,15010,763,20
16774,1,1,2132,150551,2401,15006,767,20
16777,9,9,2201,30061,300,6100,87,145
16778,1,1,2102,150548,1500,5408,696,20
16779,1,1,2035,900350,1500,15005,758,20
16780,1,1,2132,150534,1500,5304,450,20
16782,1,1,2024,600294,600,2904,87,20
16783,9,9,2239,600305,600,3005,87,145
16784,15,15,2035,150552,1500,5502,169,191
16785,12,12,2315,23001,2300,12200,100007,171
16786,1,1,2132,150545,900,5405,507,20
16788,9,9,2003,190900,1900,9000,420,135
16789,7,7,2147,90034,900,3400,686,115
16790,2,2,2132,150552,1500,5502,761,35
16791,1,1,2102,150561,1500,5601,312,20
16793,15,15,2140,150552,1500,5502,167,191
16794,15,15,2035,150551,2401,15006,413,191
16795,1,1,2132,150552,1500,5502,689,20
16796,1,1,2035,150534,1500,5304,447,20
16797,2,17,2003,800321,800,3201,526,35
16798,1,1,2132,150561,1500,5601,200,20
16799,1,1,2132,150561,1500,5601,197,20
16800,1,1,2131,150547,1500,5407,667,20
16801,7,7,2140,90034,900,3400,686,115
16802,1,1,2136,40017,400,1700,87,20
16803,7,7,2295,15003,1500,15003,87,115
16804,1,1,2140,150572,1500,5703,519,20
16805,1,1,2035,150545,900,5405,508,20
16809,2,2,2140,753,1500,753,753,35
16810,1,1,2141,900350,1500,15005,757,20
16812,1,1,2092,15057,1500,5700,407,20
16814,1,1,2011,600301,600,3001,87,20
16815,2,2,2132,150546,1500,5406,432,35
16816,9,9,2201,30061,300,6100,87,145
16817,1,1,2102,150561,1500,5601,389,20
16819,1,1,2132,150552,1500,5502,441,20
16821,2,2,2102,150546,1500,5406,430,35
16823,2,2,2092,150548,1500,5408,698,35
16825,1,1,2154,20019,2400,1900,100009,20
16826,15,15,2102,150564,1500,5604,404,191
16827,1,1,2132,150565,1500,5605,715,20
16828,1,1,2075,900350,1500,15005,743,20
16829,1,1,2035,900350,1500,15005,742,20
16830,2,2,2141,150548,1500,5408,718,35
16831,2,2,2132,90034,900,3400,749,35
16832,1,1,2140,150572,1500,5703,541,20
16833,2,2,2132,150546,1500,5406,434,35
16835,2,2,2132,150552,2401,15007,712,35
16836,15,15,2141,150551,1500,5501,89,191
16837,15,15,2132,150552,1500,5502,169,191
16838,15,15,2035,150551,2401,15006,732,191
16839,13,13,2315,230124,2300,12400,100006,181
16841,2,2,2132,150536,1500,5306,513,35
16842,1,1,2132,900350,1500,15005,758,20
16843,9,9,2049,190900,1900,9000,420,135
16844,7,7,2132,90034,900,3400,686,115
16845,1,1,2035,150561,1500,5601,293,20
16846,7,7,2132,90034,900,3400,686,115
16847,14,14,2003,12042,1200,4200,100009,165
16848,7,7,2394,600291,600,2901,87,115
16850,2,2,2132,150546,1500,5406,430,35
16853,1,1,2132,150552,1500,5502,726,20
16854,1,1,2132,150561,1500,5601,198,20
16855,1,1,2141,150548,1500,5408,670,20
16856,1,1,2132,900350,1500,15005,757,20
16857,15,15,2035,150564,1500,5604,387,191
16858,15,15,2132,150551,2401,15006,735,191
16859,15,15,2140,150551,1500,5501,735,191
16863,7,7,2096,50025,500,2500,171,115
16864,1,1,2011,600301,600,3001,87,20
16865,15,15,2035,150551,2401,15006,161,191
16866,1,1,2090,40016,400,1600,87,20
16867,13,13,2296,230124,2300,12400,100006,180
16868,1,1,2090,40016,400,1600,87,20
16869,1,1,2090,40016,400,1600,87,20
16870,1,1,2090,40016,400,1600,87,20
16871,1,1,2045,800321,800,3201,4,20
16872,1,1,2140,150547,1500,5407,555,20
16873,1,1,2102,150534,1500,5304,459,20
16874,6,6,2017,630630,100,6300,501,80
16875,1,1,2035,900350,1500,15005,756,20
16876,1,1,2132,150551,2401,15006,702,20
16877,15,15,2163,150551,1500,5501,289,191
16878,15,15,2132,150551,2401,15006,413,191
16879,7,7,2132,40061,2000,6201,87,115
16881,15,15,2035,150551,2401,15006,161,191
16883,2,2,2132,150549,1500,5409,709,35
16884,2,2,2035,150548,2401,15008,766,35
16885,2,2,2140,150548,1500,5408,719,35
16886,1,1,2132,150572,1500,5703,688,20
16887,2,2,2141,150552,1500,5502,746,35
16888,7,7,2215,15003,1500,15003,87,115
16889,1,1,2132,150545,900,5405,515,20
16890,14,14,2252,12043,1200,4300,100009,165
16892,1,1,2132,150561,1500,5601,293,20
16893,1,1,2132,150561,1500,5601,197,20
16894,1,1,2283,10010,100,100,87,20
16895,14,14,2299,12041,1200,4100,100009,165
16897,15,15,2238,150551,2401,15006,87,191
16898,7,7,2059,40052,400,5200,87,115
16901,14,14,2299,12041,1200,4100,100009,165
16904,9,9,2271,50025,500,2500,171,145
16905,1,1,2035,150547,1500,5407,553,20
16906,2,2,2035,150546,1500,5406,528,35
16907,1,1,2141,900351,1500,5301,762,20
16908,9,9,2228,190901,1900,9001,420,135
16909,1,1,2035,900351,1500,5301,762,20
16910,1,1,2035,150551,2401,15006,767,20
16911,1,1,2035,150552,1500,5502,689,20
16912,1,1,2132,150551,2401,15006,702,20
16913,1,1,2140,150551,2401,15006,678,20
16915,11,11,2357,100112,100,11002,525,155
16917,1,1,2131,150552,1500,5502,441,20
16918,2,2,2102,150552,2401,15007,771,35
16919,15,15,2140,150552,1500,5502,140,191
16920,2,2,2141,150552,2401,15007,771,35
16923,12,12,2147,23001,2300,12200,100007,171
16924,7,7,2089,400181,400,1801,87,115
16925,1,1,2024,600294,600,2904,87,20
16926,1,1,2305,500127,500,12700,87,20
16927,13,13,2296,230124,2300,12400,100006,180
16928,13,13,2296,230124,2300,12400,100006,180
16929,1,1,2132,150534,1500,5304,497,20
16930,1,1,2132,150551,2401,15006,678,20
16932,14,14,2048,12041,1200,4100,100009,165
16933,1,1,2035,900342,900,3401,154,20
16935,1,1,2131,900351,1500,5301,762,20
16937,1,1,2102,900350,1500,15005,743,20
16938,14,14,2306,12041,1200,4100,100009,165
16940,2,2,2132,150552,1500,5502,523,35
16941,1,1,2120,14048,1400,4800,87,20
16943,14,14,2298,12043,1200,4300,100009,165
16945,2,2,2035,150552,2401,15007,771,35
16946,12,12,2296,23001,2300,12200,100005,175
16947,1,1,2138,900354,2401,15010,397,20
16948,1,1,2132,900354,2401,15010,108,20
16949,1,1,2092,900354,2401,15010,108,20
16950,1,1,2092,900354,2401,15010,108,20
16951,1,1,2132,150134,1500,13400,692,20
16953,1,1,2361,900354,2401,15010,108,20
16954,1,1,2361,900354,2401,15010,108,20
16955,1,1,2406,900354,2401,15010,108,20
16956,1,1,2138,900354,2401,15010,108,20
16957,1,1,2132,900354,2401,15010,108,20
16958,1,1,2138,15057,1500,5700,190,20
16959,1,1,2406,15057,1500,5700,190,20
16960,1,1,2361,15057,1500,5700,190,20
16961,1,1,2035,15057,1500,5700,190,20
16962,15,15,2139,150551,2401,15006,735,191
16963,7,7,2394,600291,600,2901,87,115
16964,1,1,2140,150534,1500,5304,459,20
16965,1,1,2132,150545,900,5405,505,20
16966,7,7,2132,90034,900,3400,686,115
16967,13,13,2314,230124,2300,12400,100006,181
16968,1,1,2035,900342,900,3401,153,20
16969,2,2,2147,90034,900,3400,751,35
16970,14,14,2299,12041,1200,4100,100009,165
16971,1,1,2035,150134,1500,13400,693,20
16972,7,7,2061,100402,400,5000,87,115
16973,7,7,2148,40052,400,5200,87,115
16975,1,1,2141,150551,2401,15006,767,20
16976,7,7,2215,90034,900,3400,686,115
16977,13,13,2296,230124,2300,12400,100006,180
16978,7,7,2421,13045,1300,4500,87,115
16979,13,13,2296,230124,2300,12400,100006,180
16980,9,9,2289,500129,500,2601,420,145
16981,2,2,2102,150548,2401,15008,766,35
16982,2,2,2131,150552,2401,15007,771,35
16983,1,1,2141,150548,2401,15008,407,20
16984,1,1,2132,150545,900,5405,515,20
16985,15,15,2102,150551,2401,15006,735,191
16986,15,15,2140,150551,2401,15006,89,191
16987,1,1,2132,150572,1500,5703,518,20
16988,2,2,2102,150552,1500,5502,761,35
16989,14,14,2047,12043,1200,4300,100009,165
16990,1,1,2147,500126,500,12600,171,20
16991,1,1,2035,150552,1500,5502,438,20
16992,1,1,2131,150551,2401,15006,769,20
16993,1,1,2102,150551,2401,15006,769,20
16994,1,1,2215,150545,900,5405,507,20
16995,2,2,2132,90034,900,3400,749,35
16996,1,1,2132,150561,1500,5601,294,20
16997,2,2,2102,150548,1500,5408,717,35
16999,1,1,2035,150545,900,5405,515,20
17000,9,9,2015,60031,600,3100,87,145
17001,7,7,2089,400181,400,1801,87,115
17002,7,7,2089,400181,400,1801,87,115
17003,1,1,2154,900352,1500,5604,4,20
17004,7,7,2089,400181,400,1801,87,115
17005,1,1,2131,760,1500,5603,772,20
17006,1,1,2131,900350,1500,15005,742,20
17007,1,1,2140,760,1500,5603,772,20
17008,1,1,2141,760,1500,5603,772,20
17009,1,1,2132,760,1500,5603,772,20
17010,1,1,2132,760,1500,5603,772,20
17011,1,1,2102,760,1500,5603,772,20
17012,2,2,2131,150546,1500,5406,433,35
17013,2,2,2140,150546,1500,5406,432,35
17014,9,9,2201,30023,300,2300,87,145
17015,2,2,2147,90034,900,3400,751,35
17016,1,1,2132,150572,1500,5703,546,20
17017,2,2,2132,90034,900,3400,749,35
17018,1,1,2132,900350,1500,15005,756,20
17019,1,1,2102,150552,1500,5502,439,20
17020,15,15,2131,150551,1500,5501,735,191
17021,1,1,2140,150552,1500,5502,726,20
17023,1,1,2140,150551,2401,15006,769,20
17024,15,15,2141,150552,1500,5502,531,191
17025,1,1,2132,150534,1500,5304,447,20
17026,2,2,2035,150546,1500,5406,426,35
17027,13,13,2147,230124,2300,12400,100006,181
17028,2,2,2102,150546,1500,5406,428,35
17029,2,2,2132,150546,1500,5406,528,35
17030,1,1,2035,760,1500,5603,772,20
17031,9,9,2047,190900,1900,9000,420,135
17032,1,1,2132,150534,1500,5304,100002,20
17033,9,9,2228,190901,1900,9001,420,135
17034,7,7,2092,90034,900,3400,686,115
17035,15,15,2035,150564,1500,5604,403,191
17036,7,7,2382,60032,600,5900,87,115
17037,9,9,2043,60031,600,3100,87,145
17038,7,7,2382,60032,600,5900,87,115
17039,7,7,2382,60032,600,5900,87,115
17040,7,7,2279,60032,600,5900,87,115
17041,1,1,2035,900342,900,3401,154,20
17042,9,9,2201,30061,300,6100,87,145
